c_e_molm3,T_K,kappa_S_per_m,De_m2_per_s
100.000,273.15,2.536565e-01,4.473594e-10
119.192,273.15,2.937229e-01,4.401063e-10
138.384,273.15,3.318118e-01,4.329180e-10
157.576,273.15,3.680742e-01,4.257945e-10
176.768,273.15,4.026334e-01,4.187357e-10
195.960,273.15,4.355928e-01,4.117418e-10
215.152,273.15,4.670412e-01,4.048126e-10
234.343,273.15,4.970556e-01,3.979482e-10
253.535,273.15,5.257042e-01,3.911486e-10
272.727,273.15,5.530479e-01,3.844137e-10
291.919,273.15,5.791417e-01,3.777437e-10
311.111,273.15,6.040355e-01,3.711384e-10
330.303,273.15,6.277750e-01,3.645979e-10
349.495,273.15,6.504025e-01,3.581222e-10
368.687,273.15,6.719570e-01,3.517113e-10
387.879,273.15,6.924751e-01,3.453651e-10
407.071,273.15,7.119909e-01,3.390838e-10
426.263,273.15,7.305365e-01,3.328672e-10
445.455,273.15,7.481421e-01,3.267154e-10
464.646,273.15,7.648363e-01,3.206283e-10
483.838,273.15,7.806464e-01,3.146061e-10
503.030,273.15,7.955983e-01,3.086487e-10
522.222,273.15,8.097166e-01,3.027560e-10
541.414,273.15,8.230250e-01,2.969281e-10
560.606,273.15,8.355463e-01,2.911650e-10
579.798,273.15,8.473020e-01,2.854667e-10
598.990,273.15,8.583133e-01,2.798331e-10
618.182,273.15,8.686003e-01,2.742643e-10
637.374,273.15,8.781826e-01,2.687604e-10
656.566,273.15,8.870790e-01,2.633212e-10
675.758,273.15,8.953078e-01,2.579467e-10
694.949,273.15,9.028868e-01,2.526371e-10
714.141,273.15,9.098332e-01,2.473923e-10
733.333,273.15,9.161637e-01,2.422122e-10
752.525,273.15,9.218948e-01,2.370969e-10
771.717,273.15,9.270421e-01,2.320464e-10
790.909,273.15,9.316214e-01,2.270606e-10
810.101,273.15,9.356477e-01,2.221397e-10
829.293,273.15,9.391357e-01,2.172835e-10
848.485,273.15,9.421001e-01,2.124922e-10
867.677,273.15,9.445548e-01,2.077656e-10
886.869,273.15,9.465139e-01,2.031037e-10
906.061,273.15,9.479909e-01,1.985067e-10
925.253,273.15,9.489991e-01,1.939744e-10
944.444,273.15,9.495517e-01,1.895070e-10
963.636,273.15,9.496615e-01,1.851043e-10
982.828,273.15,9.493411e-01,1.807664e-10
1002.020,273.15,9.486030e-01,1.764932e-10
1021.212,273.15,9.474594e-01,1.722849e-10
1040.404,273.15,9.459224e-01,1.681413e-10
1059.596,273.15,9.440038e-01,1.640626e-10
1078.788,273.15,9.417153e-01,1.600486e-10
1097.980,273.15,9.390685e-01,1.560993e-10
1117.172,273.15,9.360746e-01,1.522149e-10
1136.364,273.15,9.327449e-01,1.483952e-10
1155.556,273.15,9.290905e-01,1.446404e-10
1174.747,273.15,9.251222e-01,1.409503e-10
1193.939,273.15,9.208510e-01,1.373250e-10
1213.131,273.15,9.162874e-01,1.337644e-10
1232.323,273.15,9.114419e-01,1.302687e-10
1251.515,273.15,9.063251e-01,1.268377e-10
1270.707,273.15,9.009472e-01,1.234716e-10
1289.899,273.15,8.953184e-01,1.201702e-10
1309.091,273.15,8.894488e-01,1.169335e-10
1328.283,273.15,8.833484e-01,1.137617e-10
1347.475,273.15,8.770271e-01,1.106547e-10
1366.667,273.15,8.704947e-01,1.076124e-10
1385.859,273.15,8.637609e-01,1.046349e-10
1405.051,273.15,8.568354e-01,1.017222e-10
1424.242,273.15,8.497276e-01,9.887425e-11
1443.434,273.15,8.424470e-01,9.609111e-11
1462.626,273.15,8.350031e-01,9.337274e-11
1481.818,273.15,8.274050e-01,9.071916e-11
1501.010,273.15,8.196621e-01,8.813036e-11
1520.202,273.15,8.117834e-01,8.560634e-11
1539.394,273.15,8.037782e-01,8.314711e-11
1558.586,273.15,7.956553e-01,8.075265e-11
1577.778,273.15,7.874237e-01,7.842298e-11
1596.970,273.15,7.790924e-01,7.615809e-11
1616.162,273.15,7.706701e-01,7.395798e-11
1635.354,273.15,7.621657e-01,7.182266e-11
1654.545,273.15,7.535878e-01,6.975211e-11
1673.737,273.15,7.449450e-01,6.774635e-11
1692.929,273.15,7.362461e-01,6.580537e-11
1712.121,273.15,7.274995e-01,6.392917e-11
1731.313,273.15,7.187138e-01,6.211775e-11
1750.505,273.15,7.098973e-01,6.037112e-11
1769.697,273.15,7.010585e-01,5.868926e-11
1788.889,273.15,6.922057e-01,5.707219e-11
1808.081,273.15,6.833473e-01,5.551990e-11
1827.273,273.15,6.744915e-01,5.403239e-11
1846.465,273.15,6.656464e-01,5.260967e-11
1865.657,273.15,6.568204e-01,5.125172e-11
1884.848,273.15,6.480215e-01,4.995856e-11
1904.040,273.15,6.392578e-01,4.873018e-11
1923.232,273.15,6.305373e-01,4.756658e-11
1942.424,273.15,6.218682e-01,4.646776e-11
1961.616,273.15,6.132583e-01,4.543373e-11
1980.808,273.15,6.047155e-01,4.446447e-11
2000.000,273.15,5.962479e-01,4.356000e-11
100.000,298.00,2.536565e-01,4.473594e-10
119.192,298.00,2.937229e-01,4.401063e-10
138.384,298.00,3.318118e-01,4.329180e-10
157.576,298.00,3.680742e-01,4.257945e-10
176.768,298.00,4.026334e-01,4.187357e-10
195.960,298.00,4.355928e-01,4.117418e-10
215.152,298.00,4.670412e-01,4.048126e-10
234.343,298.00,4.970556e-01,3.979482e-10
253.535,298.00,5.257042e-01,3.911486e-10
272.727,298.00,5.530479e-01,3.844137e-10
291.919,298.00,5.791417e-01,3.777437e-10
311.111,298.00,6.040355e-01,3.711384e-10
330.303,298.00,6.277750e-01,3.645979e-10
349.495,298.00,6.504025e-01,3.581222e-10
368.687,298.00,6.719570e-01,3.517113e-10
387.879,298.00,6.924751e-01,3.453651e-10
407.071,298.00,7.119909e-01,3.390838e-10
426.263,298.00,7.305365e-01,3.328672e-10
445.455,298.00,7.481421e-01,3.267154e-10
464.646,298.00,7.648363e-01,3.206283e-10
483.838,298.00,7.806464e-01,3.146061e-10
503.030,298.00,7.955983e-01,3.086487e-10
522.222,298.00,8.097166e-01,3.027560e-10
541.414,298.00,8.230250e-01,2.969281e-10
560.606,298.00,8.355463e-01,2.911650e-10
579.798,298.00,8.473020e-01,2.854667e-10
598.990,298.00,8.583133e-01,2.798331e-10
618.182,298.00,8.686003e-01,2.742643e-10
637.374,298.00,8.781826e-01,2.687604e-10
656.566,298.00,8.870790e-01,2.633212e-10
675.758,298.00,8.953078e-01,2.579467e-10
694.949,298.00,9.028868e-01,2.526371e-10
714.141,298.00,9.098332e-01,2.473923e-10
733.333,298.00,9.161637e-01,2.422122e-10
752.525,298.00,9.218948e-01,2.370969e-10
771.717,298.00,9.270421e-01,2.320464e-10
790.909,298.00,9.316214e-01,2.270606e-10
810.101,298.00,9.356477e-01,2.221397e-10
829.293,298.00,9.391357e-01,2.172835e-10
848.485,298.00,9.421001e-01,2.124922e-10
867.677,298.00,9.445548e-01,2.077656e-10
886.869,298.00,9.465139e-01,2.031037e-10
906.061,298.00,9.479909e-01,1.985067e-10
925.253,298.00,9.489991e-01,1.939744e-10
944.444,298.00,9.495517e-01,1.895070e-10
963.636,298.00,9.496615e-01,1.851043e-10
982.828,298.00,9.493411e-01,1.807664e-10
1002.020,298.00,9.486030e-01,1.764932e-10
1021.212,298.00,9.474594e-01,1.722849e-10
1040.404,298.00,9.459224e-01,1.681413e-10
1059.596,298.00,9.440038e-01,1.640626e-10
1078.788,298.00,9.417153e-01,1.600486e-10
1097.980,298.00,9.390685e-01,1.560993e-10
1117.172,298.00,9.360746e-01,1.522149e-10
1136.364,298.00,9.327449e-01,1.483952e-10
1155.556,298.00,9.290905e-01,1.446404e-10
1174.747,298.00,9.251222e-01,1.409503e-10
1193.939,298.00,9.208510e-01,1.373250e-10
1213.131,298.00,9.162874e-01,1.337644e-10
1232.323,298.00,9.114419e-01,1.302687e-10
1251.515,298.00,9.063251e-01,1.268377e-10
1270.707,298.00,9.009472e-01,1.234716e-10
1289.899,298.00,8.953184e-01,1.201702e-10
1309.091,298.00,8.894488e-01,1.169335e-10
1328.283,298.00,8.833484e-01,1.137617e-10
1347.475,298.00,8.770271e-01,1.106547e-10
1366.667,298.00,8.704947e-01,1.076124e-10
1385.859,298.00,8.637609e-01,1.046349e-10
1405.051,298.00,8.568354e-01,1.017222e-10
1424.242,298.00,8.497276e-01,9.887425e-11
1443.434,298.00,8.424470e-01,9.609111e-11
1462.626,298.00,8.350031e-01,9.337274e-11
1481.818,298.00,8.274050e-01,9.071916e-11
1501.010,298.00,8.196621e-01,8.813036e-11
1520.202,298.00,8.117834e-01,8.560634e-11
1539.394,298.00,8.037782e-01,8.314711e-11
1558.586,298.00,7.956553e-01,8.075265e-11
1577.778,298.00,7.874237e-01,7.842298e-11
1596.970,298.00,7.790924e-01,7.615809e-11
1616.162,298.00,7.706701e-01,7.395798e-11
1635.354,298.00,7.621657e-01,7.182266e-11
1654.545,298.00,7.535878e-01,6.975211e-11
1673.737,298.00,7.449450e-01,6.774635e-11
1692.929,298.00,7.362461e-01,6.580537e-11
1712.121,298.00,7.274995e-01,6.392917e-11
1731.313,298.00,7.187138e-01,6.211775e-11
1750.505,298.00,7.098973e-01,6.037112e-11
1769.697,298.00,7.010585e-01,5.868926e-11
1788.889,298.00,6.922057e-01,5.707219e-11
1808.081,298.00,6.833473e-01,5.551990e-11
1827.273,298.00,6.744915e-01,5.403239e-11
1846.465,298.00,6.656464e-01,5.260967e-11
1865.657,298.00,6.568204e-01,5.125172e-11
1884.848,298.00,6.480215e-01,4.995856e-11
1904.040,298.00,6.392578e-01,4.873018e-11
1923.232,298.00,6.305373e-01,4.756658e-11
1942.424,298.00,6.218682e-01,4.646776e-11
1961.616,298.00,6.132583e-01,4.543373e-11
1980.808,298.00,6.047155e-01,4.446447e-11
2000.000,298.00,5.962479e-01,4.356000e-11
100.000,323.15,2.536565e-01,4.473594e-10
119.192,323.15,2.937229e-01,4.401063e-10
138.384,323.15,3.318118e-01,4.329180e-10
157.576,323.15,3.680742e-01,4.257945e-10
176.768,323.15,4.026334e-01,4.187357e-10
195.960,323.15,4.355928e-01,4.117418e-10
215.152,323.15,4.670412e-01,4.048126e-10
234.343,323.15,4.970556e-01,3.979482e-10
253.535,323.15,5.257042e-01,3.911486e-10
272.727,323.15,5.530479e-01,3.844137e-10
291.919,323.15,5.791417e-01,3.777437e-10
311.111,323.15,6.040355e-01,3.711384e-10
330.303,323.15,6.277750e-01,3.645979e-10
349.495,323.15,6.504025e-01,3.581222e-10
368.687,323.15,6.719570e-01,3.517113e-10
387.879,323.15,6.924751e-01,3.453651e-10
407.071,323.15,7.119909e-01,3.390838e-10
426.263,323.15,7.305365e-01,3.328672e-10
445.455,323.15,7.481421e-01,3.267154e-10
464.646,323.15,7.648363e-01,3.206283e-10
483.838,323.15,7.806464e-01,3.146061e-10
503.030,323.15,7.955983e-01,3.086487e-10
522.222,323.15,8.097166e-01,3.027560e-10
541.414,323.15,8.230250e-01,2.969281e-10
560.606,323.15,8.355463e-01,2.911650e-10
579.798,323.15,8.473020e-01,2.854667e-10
598.990,323.15,8.583133e-01,2.798331e-10
618.182,323.15,8.686003e-01,2.742643e-10
637.374,323.15,8.781826e-01,2.687604e-10
656.566,323.15,8.870790e-01,2.633212e-10
675.758,323.15,8.953078e-01,2.579467e-10
694.949,323.15,9.028868e-01,2.526371e-10
714.141,323.15,9.098332e-01,2.473923e-10
733.333,323.15,9.161637e-01,2.422122e-10
752.525,323.15,9.218948e-01,2.370969e-10
771.717,323.15,9.270421e-01,2.320464e-10
790.909,323.15,9.316214e-01,2.270606e-10
810.101,323.15,9.356477e-01,2.221397e-10
829.293,323.15,9.391357e-01,2.172835e-10
848.485,323.15,9.421001e-01,2.124922e-10
867.677,323.15,9.445548e-01,2.077656e-10
886.869,323.15,9.465139e-01,2.031037e-10
906.061,323.15,9.479909e-01,1.985067e-10
925.253,323.15,9.489991e-01,1.939744e-10
944.444,323.15,9.495517e-01,1.895070e-10
963.636,323.15,9.496615e-01,1.851043e-10
982.828,323.15,9.493411e-01,1.807664e-10
1002.020,323.15,9.486030e-01,1.764932e-10
1021.212,323.15,9.474594e-01,1.722849e-10
1040.404,323.15,9.459224e-01,1.681413e-10
1059.596,323.15,9.440038e-01,1.640626e-10
1078.788,323.15,9.417153e-01,1.600486e-10
1097.980,323.15,9.390685e-01,1.560993e-10
1117.172,323.15,9.360746e-01,1.522149e-10
1136.364,323.15,9.327449e-01,1.483952e-10
1155.556,323.15,9.290905e-01,1.446404e-10
1174.747,323.15,9.251222e-01,1.409503e-10
1193.939,323.15,9.208510e-01,1.373250e-10
1213.131,323.15,9.162874e-01,1.337644e-10
1232.323,323.15,9.114419e-01,1.302687e-10
1251.515,323.15,9.063251e-01,1.268377e-10
1270.707,323.15,9.009472e-01,1.234716e-10
1289.899,323.15,8.953184e-01,1.201702e-10
1309.091,323.15,8.894488e-01,1.169335e-10
1328.283,323.15,8.833484e-01,1.137617e-10
1347.475,323.15,8.770271e-01,1.106547e-10
1366.667,323.15,8.704947e-01,1.076124e-10
1385.859,323.15,8.637609e-01,1.046349e-10
1405.051,323.15,8.568354e-01,1.017222e-10
1424.242,323.15,8.497276e-01,9.887425e-11
1443.434,323.15,8.424470e-01,9.609111e-11
1462.626,323.15,8.350031e-01,9.337274e-11
1481.818,323.15,8.274050e-01,9.071916e-11
1501.010,323.15,8.196621e-01,8.813036e-11
1520.202,323.15,8.117834e-01,8.560634e-11
1539.394,323.15,8.037782e-01,8.314711e-11
1558.586,323.15,7.956553e-01,8.075265e-11
1577.778,323.15,7.874237e-01,7.842298e-11
1596.970,323.15,7.790924e-01,7.615809e-11
1616.162,323.15,7.706701e-01,7.395798e-11
1635.354,323.15,7.621657e-01,7.182266e-11
1654.545,323.15,7.535878e-01,6.975211e-11
1673.737,323.15,7.449450e-01,6.774635e-11
1692.929,323.15,7.362461e-01,6.580537e-11
1712.121,323.15,7.274995e-01,6.392917e-11
1731.313,323.15,7.187138e-01,6.211775e-11
1750.505,323.15,7.098973e-01,6.037112e-11
1769.697,323.15,7.010585e-01,5.868926e-11
1788.889,323.15,6.922057e-01,5.707219e-11
1808.081,323.15,6.833473e-01,5.551990e-11
1827.273,323.15,6.744915e-01,5.403239e-11
1846.465,323.15,6.656464e-01,5.260967e-11
1865.657,323.15,6.568204e-01,5.125172e-11
1884.848,323.15,6.480215e-01,4.995856e-11
1904.040,323.15,6.392578e-01,4.873018e-11
1923.232,323.15,6.305373e-01,4.756658e-11
1942.424,323.15,6.218682e-01,4.646776e-11
1961.616,323.15,6.132583e-01,4.543373e-11
1980.808,323.15,6.047155e-01,4.446447e-11
2000.000,323.15,5.962479e-01,4.356000e-11
