x,Up_V,Un_V,OCV_V
0.00100000,4.67769531,2.30713653,2.37055878
0.00149900,4.67728877,2.27012003,2.40716874
0.00199800,4.67688218,2.23382332,2.44305885
0.00249700,4.67647555,2.19823241,2.47824314
0.00299600,4.67606887,2.16333355,2.51273533
0.00349500,4.67566216,2.12911327,2.54654888
0.00399400,4.67525540,2.09555839,2.57969701
0.00449300,4.67484859,2.06265593,2.61219266
0.00499200,4.67444174,2.03039322,2.64404853
0.00549100,4.67403485,1.99875779,2.67527706
0.00599000,4.67362791,1.96773745,2.70589046
0.00648900,4.67322092,1.93732021,2.73590071
0.00698800,4.67281388,1.90749435,2.76531954
0.00748700,4.67240680,1.87824834,2.79415846
0.00798600,4.67199967,1.84957092,2.82242875
0.00848500,4.67159248,1.82145100,2.85014149
0.00898400,4.67118525,1.79387773,2.87730752
0.00948300,4.67077797,1.76684048,2.90393749
0.00998200,4.67037063,1.74032881,2.93004182
0.01048100,4.66996324,1.71433249,2.95563076
0.01098000,4.66955580,1.68884148,2.98071432
0.01147900,4.66914830,1.66384594,3.00530236
0.01197800,4.66874075,1.63933624,3.02940451
0.01247700,4.66833315,1.61530291,3.05303024
0.01297600,4.66792548,1.59173666,3.07618882
0.01347500,4.66751776,1.56862842,3.09888934
0.01397400,4.66710998,1.54596925,3.12114073
0.01447300,4.66670215,1.52375042,3.14295173
0.01497200,4.66629425,1.50196334,3.16433091
0.01547100,4.66588629,1.48059960,3.18528669
0.01597000,4.66547827,1.45965096,3.20582731
0.01646900,4.66507019,1.43910934,3.22596085
0.01696800,4.66466205,1.41896679,3.24569525
0.01746700,4.66425384,1.39921555,3.26503829
0.01796600,4.66384556,1.37984799,3.28399757
0.01846500,4.66343722,1.36085663,3.30258059
0.01896400,4.66302882,1.34223415,3.32079467
0.01946300,4.66262034,1.32397334,3.33864700
0.01996200,4.66221180,1.30606717,3.35614463
0.02046100,4.66180318,1.28850871,3.37329448
0.02096000,4.66139450,1.27129118,3.39010332
0.02145900,4.66098575,1.25440794,3.40657780
0.02195800,4.66057692,1.23785247,3.42272444
0.02245700,4.66016801,1.22161838,3.43854964
0.02295600,4.65975904,1.20569939,3.45405965
0.02345500,4.65934998,1.19008935,3.46926063
0.02395400,4.65894085,1.17478224,3.48415861
0.02445300,4.65853165,1.15977214,3.49875950
0.02495200,4.65812236,1.14505326,3.51306910
0.02545100,4.65771299,1.13061991,3.52709308
0.02595000,4.65730354,1.11646651,3.54083703
0.02644900,4.65689401,1.10258760,3.55430641
0.02694800,4.65648439,1.08897781,3.56750659
0.02744700,4.65607469,1.07563188,3.58044281
0.02794600,4.65566490,1.06254466,3.59312025
0.02844500,4.65525503,1.04971108,3.60554395
0.02894400,4.65484507,1.03712620,3.61771887
0.02944300,4.65443501,1.02478513,3.62964988
0.02994200,4.65402487,1.01268312,3.64134175
0.03044100,4.65361463,1.00081548,3.65279915
0.03094000,4.65320430,0.98917763,3.66402667
0.03143900,4.65279388,0.97776506,3.67502881
0.03193800,4.65238336,0.96657337,3.68580999
0.03243700,4.65197274,0.95559821,3.69637452
0.03293600,4.65156202,0.94483535,3.70672666
0.03343500,4.65115120,0.93428063,3.71687057
0.03393400,4.65074028,0.92392995,3.72681032
0.03443300,4.65032925,0.91377932,3.73654993
0.03493200,4.64991812,0.90382480,3.74609332
0.03543100,4.64950688,0.89406255,3.75544434
0.03593000,4.64909554,0.88448877,3.76460676
0.03642900,4.64868409,0.87509978,3.77358431
0.03692800,4.64827252,0.86589192,3.78238061
0.03742700,4.64786084,0.85686163,3.79099922
0.03792600,4.64744905,0.84800541,3.79944364
0.03842500,4.64703715,0.83931984,3.80771731
0.03892400,4.64662512,0.83080154,3.81582358
0.03942300,4.64621298,0.82244722,3.82376576
0.03992200,4.64580072,0.81425362,3.83154709
0.04042100,4.64538833,0.80621758,3.83917074
0.04092000,4.64497582,0.79833598,3.84663983
0.04141900,4.64456318,0.79060576,3.85395742
0.04191800,4.64415042,0.78302392,3.86112650
0.04241700,4.64373753,0.77558751,3.86815001
0.04291600,4.64332450,0.76829365,3.87503085
0.04341500,4.64291134,0.76113950,3.88177184
0.04391400,4.64249805,0.75412229,3.88837576
0.04441300,4.64208462,0.74723928,3.89484535
0.04491200,4.64167105,0.74048779,3.90118326
0.04541100,4.64125735,0.73386521,3.90739214
0.04591000,4.64084349,0.72736895,3.91347455
0.04640900,4.64042950,0.72099648,3.91943302
0.04690800,4.64001536,0.71474533,3.92527003
0.04740700,4.63960107,0.70861305,3.93098802
0.04790600,4.63918662,0.70259725,3.93658937
0.04840500,4.63877203,0.69669560,3.94207643
0.04890400,4.63835728,0.69090578,3.94745150
0.04940300,4.63794237,0.68522553,3.95271684
0.04990200,4.63752730,0.67965265,3.95787466
0.05040100,4.63711208,0.67418493,3.96292714
0.05090000,4.63669668,0.66882026,3.96787642
0.05139900,4.63628112,0.66355653,3.97272459
0.05189800,4.63586540,0.65839168,3.97747372
0.05239700,4.63544950,0.65332368,3.98212582
0.05289600,4.63503343,0.64835055,3.98668288
0.05339500,4.63461718,0.64347033,3.99114685
0.05389400,4.63420076,0.63868112,3.99551964
0.05439300,4.63378415,0.63398102,3.99980313
0.05489200,4.63336736,0.62936820,4.00399917
0.05539100,4.63295039,0.62484082,4.00810956
0.05589000,4.63253322,0.62039712,4.01213610
0.05638900,4.63211587,0.61603534,4.01608053
0.05688800,4.63169832,0.61175376,4.01994456
0.05738700,4.63128058,0.60755068,4.02372990
0.05788600,4.63086263,0.60342445,4.02743818
0.05838500,4.63044449,0.59937343,4.03107106
0.05888400,4.63002614,0.59539602,4.03463012
0.05938300,4.62960758,0.59149064,4.03811694
0.05988200,4.62918882,0.58765574,4.04153308
0.06038100,4.62876984,0.58388980,4.04488004
0.06088000,4.62835064,0.58019131,4.04815933
0.06137900,4.62793122,0.57655881,4.05137242
0.06187800,4.62751159,0.57299084,4.05452074
0.06237700,4.62709172,0.56948599,4.05760573
0.06287600,4.62667163,0.56604285,4.06062879
0.06337500,4.62625131,0.56266003,4.06359127
0.06387400,4.62583075,0.55933620,4.06649455
0.06437300,4.62540995,0.55607000,4.06933995
0.06487200,4.62498891,0.55286014,4.07212877
0.06537100,4.62456763,0.54970531,4.07486232
0.06587000,4.62414610,0.54660425,4.07754185
0.06636900,4.62372432,0.54355571,4.08016861
0.06686800,4.62330228,0.54055845,4.08274384
0.06736700,4.62287998,0.53761125,4.08526873
0.06786600,4.62245743,0.53471293,4.08774449
0.06836500,4.62203460,0.53186232,4.09017229
0.06886400,4.62161151,0.52905824,4.09255327
0.06936300,4.62118814,0.52629956,4.09488859
0.06986200,4.62076450,0.52358515,4.09717935
0.07036100,4.62034057,0.52091391,4.09942666
0.07086000,4.61991636,0.51828474,4.10163162
0.07135900,4.61949187,0.51569658,4.10379529
0.07185800,4.61906708,0.51314835,4.10591873
0.07235700,4.61864199,0.51063901,4.10800298
0.07285600,4.61821660,0.50816753,4.11004908
0.07335500,4.61779091,0.50573289,4.11205802
0.07385400,4.61736491,0.50333409,4.11403081
0.07435300,4.61693859,0.50097015,4.11596844
0.07485200,4.61651196,0.49864008,4.11787188
0.07535100,4.61608501,0.49634293,4.11974208
0.07585000,4.61565773,0.49407774,4.12157999
0.07634900,4.61523012,0.49184357,4.12338654
0.07684800,4.61480217,0.48963951,4.12516266
0.07734700,4.61437388,0.48746464,4.12690924
0.07784600,4.61394525,0.48531806,4.12862719
0.07834500,4.61351627,0.48319888,4.13031739
0.07884400,4.61308694,0.48110623,4.13198071
0.07934300,4.61265724,0.47903923,4.13361801
0.07984200,4.61222718,0.47699704,4.13523015
0.08034100,4.61179676,0.47497880,4.13681795
0.08084000,4.61136596,0.47298370,4.13838226
0.08133900,4.61093478,0.47101089,4.13992388
0.08183800,4.61050321,0.46905959,4.14144362
0.08233700,4.61007126,0.46712897,4.14294229
0.08283600,4.60963891,0.46521826,4.14442065
0.08333500,4.60920616,0.46332668,4.14587949
0.08383400,4.60877301,0.46145344,4.14731957
0.08433300,4.60833944,0.45959781,4.14874164
0.08483200,4.60790546,0.45775901,4.15014645
0.08533100,4.60747106,0.45593633,4.15153473
0.08583000,4.60703622,0.45412903,4.15290720
0.08632900,4.60660096,0.45233638,4.15426457
0.08682800,4.60616525,0.45055770,4.15560755
0.08732700,4.60572910,0.44879227,4.15693683
0.08782600,4.60529249,0.44703941,4.15825308
0.08832500,4.60485543,0.44529845,4.15955698
0.08882400,4.60441790,0.44356873,4.16084918
0.08932300,4.60397990,0.44184958,4.16213033
0.08982200,4.60354143,0.44014037,4.16340106
0.09032100,4.60310247,0.43844046,4.16466201
0.09082000,4.60266302,0.43674924,4.16591378
0.09131900,4.60222308,0.43506610,4.16715698
0.09181800,4.60178263,0.43339043,4.16839219
0.09231700,4.60134167,0.43172167,4.16962000
0.09281600,4.60090019,0.43005923,4.17084096
0.09331500,4.60045819,0.42840256,4.17205563
0.09381400,4.60001566,0.42675112,4.17326455
0.09431300,4.59957259,0.42510436,4.17446823
0.09481200,4.59912898,0.42346177,4.17566721
0.09531100,4.59868481,0.42182285,4.17686196
0.09581000,4.59824008,0.42018710,4.17805298
0.09630900,4.59779478,0.41855405,4.17924073
0.09680800,4.59734891,0.41692323,4.18042567
0.09730700,4.59690245,0.41529421,4.18160824
0.09780600,4.59645541,0.41366655,4.18278885
0.09830500,4.59600776,0.41203984,4.18396792
0.09880400,4.59555951,0.41041368,4.18514583
0.09930300,4.59511064,0.40878769,4.18632295
0.09980200,4.59466115,0.40716150,4.18749964
0.10030100,4.59421102,0.40553478,4.18867625
0.10080000,4.59376026,0.40390718,4.18985307
0.10129900,4.59330884,0.40227841,4.19103043
0.10179800,4.59285677,0.40064817,4.19220860
0.10229700,4.59240403,0.39901620,4.19338783
0.10279600,4.59195062,0.39738223,4.19456839
0.10329500,4.59149652,0.39574605,4.19575048
0.10379400,4.59104173,0.39410743,4.19693431
0.10429300,4.59058624,0.39246618,4.19812006
0.10479200,4.59013003,0.39082214,4.19930789
0.10529100,4.58967310,0.38917516,4.20049795
0.10579000,4.58921544,0.38752510,4.20169034
0.10628900,4.58875704,0.38587187,4.20288517
0.10678800,4.58829789,0.38421538,4.20408252
0.10728700,4.58783798,0.38255556,4.20528242
0.10778600,4.58737730,0.38089238,4.20648492
0.10828500,4.58691584,0.37922582,4.20769002
0.10878400,4.58645358,0.37755588,4.20889770
0.10928300,4.58599052,0.37588259,4.21010794
0.10978200,4.58552665,0.37420600,4.21132066
0.11028100,4.58506196,0.37252617,4.21253579
0.11078000,4.58459644,0.37084321,4.21375322
0.11127900,4.58413006,0.36915723,4.21497283
0.11177800,4.58366284,0.36746837,4.21619447
0.11227700,4.58319474,0.36577678,4.21741796
0.11277600,4.58272576,0.36408265,4.21864312
0.11327500,4.58225590,0.36238617,4.21986973
0.11377400,4.58178513,0.36068756,4.22109757
0.11427300,4.58131345,0.35898708,4.22232637
0.11477200,4.58084084,0.35728498,4.22355586
0.11527100,4.58036729,0.35558153,4.22478576
0.11577000,4.57989280,0.35387705,4.22601575
0.11626900,4.57941734,0.35217184,4.22724549
0.11676800,4.57894090,0.35046624,4.22847466
0.11726700,4.57846348,0.34876061,4.22970287
0.11776600,4.57798505,0.34705529,4.23092976
0.11826500,4.57750561,0.34535069,4.23215492
0.11876400,4.57702514,0.34364718,4.23337796
0.11926300,4.57654364,0.34194518,4.23459845
0.11976200,4.57606107,0.34024511,4.23581596
0.12026100,4.57557744,0.33854740,4.23703004
0.12076000,4.57509273,0.33685249,4.23824024
0.12125900,4.57460692,0.33516083,4.23944609
0.12175800,4.57412000,0.33347287,4.24064712
0.12225700,4.57363195,0.33178909,4.24184286
0.12275600,4.57314277,0.33010995,4.24303281
0.12325500,4.57265243,0.32843594,4.24421649
0.12375400,4.57216092,0.32676752,4.24539340
0.12425300,4.57166823,0.32510518,4.24656305
0.12475200,4.57117434,0.32344940,4.24772493
0.12525100,4.57067923,0.32180068,4.24887855
0.12575000,4.57018289,0.32015948,4.25002341
0.12624900,4.56968531,0.31852630,4.25115901
0.12674800,4.56918647,0.31690161,4.25228486
0.12724700,4.56868634,0.31528588,4.25340046
0.12774600,4.56818493,0.31367959,4.25450534
0.12824500,4.56768220,0.31208319,4.25559900
0.12874400,4.56717814,0.31049715,4.25668099
0.12924300,4.56667273,0.30892191,4.25775082
0.12974200,4.56616597,0.30735792,4.25880805
0.13024100,4.56565782,0.30580559,4.25985223
0.13074000,4.56514828,0.30426536,4.26088292
0.13123900,4.56463732,0.30273763,4.26189969
0.13173800,4.56412493,0.30122280,4.26290214
0.13223700,4.56361109,0.29972124,4.26388985
0.13273600,4.56309578,0.29823334,4.26486245
0.13323500,4.56257898,0.29675944,4.26581955
0.13373400,4.56206068,0.29529988,4.26676079
0.13423300,4.56154085,0.29385501,4.26768584
0.13473200,4.56101947,0.29242512,4.26859436
0.13523100,4.56049653,0.29101051,4.26948602
0.13573000,4.55997201,0.28961146,4.27036055
0.13622900,4.55944588,0.28822823,4.27121764
0.13672800,4.55891812,0.28686108,4.27205705
0.13722700,4.55838872,0.28551022,4.27287850
0.13772600,4.55785766,0.28417588,4.27368178
0.13822500,4.55732491,0.28285824,4.27446667
0.13872400,4.55679046,0.28155749,4.27523296
0.13922300,4.55625427,0.28027379,4.27598048
0.13972200,4.55571634,0.27900729,4.27670905
0.14022100,4.55517663,0.27775810,4.27741853
0.14072000,4.55463514,0.27652635,4.27810879
0.14121900,4.55409182,0.27531212,4.27877970
0.14171800,4.55354667,0.27411550,4.27943117
0.14221700,4.55299966,0.27293654,4.28006312
0.14271600,4.55245076,0.27177530,4.28067546
0.14321500,4.55189996,0.27063180,4.28126816
0.14371400,4.55134723,0.26950606,4.28184117
0.14421300,4.55079254,0.26839809,4.28239446
0.14471200,4.55023588,0.26730786,4.28292802
0.14521100,4.54967722,0.26623535,4.28344186
0.14571000,4.54911652,0.26518052,4.28393600
0.14620900,4.54855378,0.26414332,4.28441046
0.14670800,4.54798896,0.26312368,4.28486528
0.14720700,4.54742205,0.26212152,4.28530053
0.14770600,4.54685300,0.26113675,4.28571625
0.14820500,4.54628180,0.26016926,4.28611254
0.14870400,4.54570843,0.25921895,4.28648947
0.14920300,4.54513285,0.25828570,4.28684715
0.14970200,4.54455504,0.25736937,4.28718567
0.15020100,4.54397497,0.25646981,4.28750516
0.15070000,4.54339262,0.25558688,4.28780573
0.15119900,4.54280795,0.25472043,4.28808752
0.15169800,4.54222095,0.25387027,4.28835067
0.15219700,4.54163158,0.25303625,4.28859533
0.15269600,4.54103981,0.25221818,4.28882164
0.15319500,4.54044562,0.25141586,4.28902976
0.15369400,4.53984898,0.25062912,4.28921986
0.15419300,4.53924986,0.24985774,4.28939211
0.15469200,4.53864822,0.24910154,4.28954668
0.15519100,4.53804405,0.24836029,4.28968376
0.15569000,4.53743730,0.24763379,4.28980351
0.15618900,4.53682796,0.24692182,4.28990614
0.15668800,4.53621598,0.24622416,4.28999182
0.15718700,4.53560135,0.24554060,4.29006075
0.15768600,4.53498402,0.24487090,4.29011313
0.15818500,4.53436397,0.24421483,4.29014914
0.15868400,4.53374117,0.24357218,4.29016899
0.15918300,4.53311558,0.24294271,4.29017287
0.15968200,4.53248717,0.24232618,4.29016099
0.16018100,4.53185591,0.24172237,4.29013354
0.16068000,4.53122177,0.24113104,4.29009073
0.16117900,4.53058471,0.24055196,4.29003275
0.16167800,4.52994471,0.23998490,4.28995981
0.16217700,4.52930172,0.23942961,4.28987211
0.16267600,4.52865571,0.23888587,4.28976984
0.16317500,4.52800666,0.23835345,4.28965321
0.16367400,4.52735452,0.23783211,4.28952241
0.16417300,4.52669926,0.23732162,4.28937764
0.16467200,4.52604085,0.23682176,4.28921909
0.16517100,4.52537925,0.23633229,4.28904696
0.16567000,4.52471442,0.23585299,4.28886143
0.16616900,4.52404633,0.23538363,4.28866271
0.16666800,4.52337495,0.23492399,4.28845096
0.16716700,4.52270024,0.23447384,4.28822639
0.16766600,4.52202215,0.23403298,4.28798917
0.16816500,4.52134066,0.23360118,4.28773948
0.16866400,4.52065573,0.23317822,4.28747751
0.16916300,4.51996732,0.23276391,4.28720341
0.16966200,4.51927539,0.23235801,4.28691738
0.17016100,4.51857990,0.23196033,4.28661957
0.17066000,4.51788083,0.23157067,4.28631016
0.17115900,4.51717811,0.23118881,4.28598930
0.17165800,4.51647173,0.23081457,4.28565716
0.17215700,4.51576164,0.23044774,4.28531390
0.17265600,4.51504780,0.23008814,4.28495966
0.17315500,4.51433017,0.22973556,4.28459461
0.17365400,4.51360871,0.22938983,4.28421889
0.17415300,4.51288339,0.22905075,4.28383264
0.17465200,4.51215416,0.22871815,4.28343601
0.17515100,4.51142097,0.22839184,4.28302914
0.17565000,4.51068380,0.22807165,4.28261215
0.17614900,4.50994260,0.22775741,4.28218520
0.17664800,4.50919733,0.22744894,4.28174839
0.17714700,4.50844794,0.22714608,4.28130187
0.17764600,4.50769441,0.22684866,4.28084575
0.17814500,4.50693667,0.22655652,4.28038015
0.17864400,4.50617470,0.22626951,4.27990519
0.17914300,4.50540844,0.22598746,4.27942098
0.17964200,4.50463787,0.22571022,4.27892764
0.18014100,4.50386293,0.22543765,4.27842528
0.18064000,4.50308358,0.22516960,4.27791398
0.18113900,4.50229978,0.22490591,4.27739387
0.18163800,4.50151149,0.22464646,4.27686503
0.18213700,4.50071866,0.22439109,4.27632757
0.18263600,4.49992125,0.22413968,4.27578157
0.18313500,4.49911922,0.22389209,4.27522713
0.18363400,4.49831252,0.22364819,4.27466433
0.18413300,4.49750111,0.22340784,4.27409326
0.18463200,4.49668494,0.22317094,4.27351400
0.18513100,4.49586397,0.22293734,4.27292663
0.18563000,4.49503816,0.22270693,4.27233123
0.18612900,4.49420746,0.22247960,4.27172786
0.18662800,4.49337183,0.22225522,4.27111661
0.18712700,4.49253122,0.22203369,4.27049754
0.18762600,4.49168559,0.22181488,4.26987071
0.18812500,4.49083490,0.22159870,4.26923620
0.18862400,4.48997909,0.22138503,4.26859406
0.18912300,4.48911813,0.22117377,4.26794436
0.18962200,4.48825197,0.22096482,4.26728715
0.19012100,4.48738056,0.22075808,4.26662249
0.19062000,4.48650387,0.22055344,4.26595042
0.19111900,4.48562184,0.22035082,4.26527102
0.19161800,4.48473443,0.22015012,4.26458431
0.19211700,4.48384160,0.21995125,4.26389035
0.19261600,4.48294330,0.21975411,4.26318919
0.19311500,4.48203949,0.21955863,4.26248087
0.19361400,4.48113013,0.21936470,4.26176542
0.19411300,4.48021516,0.21917225,4.26104290
0.19461200,4.47929455,0.21898120,4.26031334
0.19511100,4.47836824,0.21879146,4.25957678
0.19561000,4.47743621,0.21860296,4.25883325
0.19610900,4.47649840,0.21841561,4.25808278
0.19660800,4.47555477,0.21822935,4.25732542
0.19710700,4.47460527,0.21804409,4.25656118
0.19760600,4.47364987,0.21785976,4.25579011
0.19810500,4.47268852,0.21767630,4.25501222
0.19860400,4.47172118,0.21749363,4.25422755
0.19910300,4.47074780,0.21731168,4.25343612
0.19960200,4.46976835,0.21713039,4.25263796
0.20010100,4.46878278,0.21694969,4.25183309
0.20060000,4.46779105,0.21676952,4.25102153
0.20109900,4.46679313,0.21658982,4.25020331
0.20159800,4.46578896,0.21641052,4.24937844
0.20209700,4.46477851,0.21623156,4.24854695
0.20259600,4.46376174,0.21605288,4.24770886
0.20309500,4.46273861,0.21587443,4.24686418
0.20359400,4.46170908,0.21569616,4.24601293
0.20409300,4.46067312,0.21551799,4.24515513
0.20459200,4.45963068,0.21533989,4.24429079
0.20509100,4.45858174,0.21516180,4.24341994
0.20559000,4.45752624,0.21498366,4.24254258
0.20608900,4.45646417,0.21480543,4.24165873
0.20658800,4.45539547,0.21462706,4.24076841
0.20708700,4.45432013,0.21444849,4.23987163
0.20758600,4.45323809,0.21426969,4.23896841
0.20808500,4.45214934,0.21409059,4.23805875
0.20858400,4.45105384,0.21391117,4.23714267
0.20908300,4.44995156,0.21373137,4.23622019
0.20958200,4.44884246,0.21355115,4.23529131
0.21008100,4.44772652,0.21337046,4.23435605
0.21058000,4.44660371,0.21318928,4.23341443
0.21107900,4.44547400,0.21300754,4.23246645
0.21157800,4.44433736,0.21282523,4.23151214
0.21207700,4.44319378,0.21264228,4.23055149
0.21257600,4.44204322,0.21245868,4.22958454
0.21307500,4.44088565,0.21227437,4.22861128
0.21357400,4.43972107,0.21208933,4.22763174
0.21407300,4.43854945,0.21190352,4.22664593
0.21457200,4.43737076,0.21171690,4.22565386
0.21507100,4.43618499,0.21152944,4.22465555
0.21557000,4.43499213,0.21134111,4.22365102
0.21606900,4.43379215,0.21115187,4.22264028
0.21656800,4.43258504,0.21096169,4.22162334
0.21706700,4.43137078,0.21077055,4.22060024
0.21756600,4.43014938,0.21057840,4.21957098
0.21806500,4.42892081,0.21038523,4.21853558
0.21856400,4.42768506,0.21019099,4.21749407
0.21906300,4.42644214,0.20999568,4.21644646
0.21956200,4.42519203,0.20979925,4.21539279
0.22006100,4.42393474,0.20960168,4.21433306
0.22056000,4.42267025,0.20940294,4.21326730
0.22105900,4.42139857,0.20920302,4.21219555
0.22155800,4.42011970,0.20900188,4.21111782
0.22205700,4.41883365,0.20879950,4.21003414
0.22255600,4.41754041,0.20859586,4.20894455
0.22305500,4.41624001,0.20839094,4.20784906
0.22355400,4.41493244,0.20818471,4.20674772
0.22405300,4.41361772,0.20797716,4.20564056
0.22455200,4.41229586,0.20776826,4.20452760
0.22505100,4.41096688,0.20755799,4.20340889
0.22555000,4.40963080,0.20734634,4.20228446
0.22604900,4.40828763,0.20713328,4.20115435
0.22654800,4.40693741,0.20691880,4.20001860
0.22704700,4.40558015,0.20670289,4.19887726
0.22754600,4.40421588,0.20648552,4.19773036
0.22804500,4.40284464,0.20626667,4.19657796
0.22854400,4.40146645,0.20604635,4.19542010
0.22904300,4.40008135,0.20582452,4.19425684
0.22954200,4.39868939,0.20560118,4.19308821
0.23004100,4.39729059,0.20537631,4.19191428
0.23054000,4.39588501,0.20514990,4.19073511
0.23103900,4.39447268,0.20492194,4.18955074
0.23153800,4.39305367,0.20469242,4.18836125
0.23203700,4.39162801,0.20446133,4.18716669
0.23253600,4.39019578,0.20422865,4.18596712
0.23303500,4.38875701,0.20399438,4.18476263
0.23353400,4.38731178,0.20375852,4.18355327
0.23403300,4.38586015,0.20352104,4.18233911
0.23453200,4.38440219,0.20328195,4.18112024
0.23503100,4.38293796,0.20304124,4.17989672
0.23553000,4.38146755,0.20279890,4.17866865
0.23602900,4.37999102,0.20255493,4.17743609
0.23652800,4.37850847,0.20230932,4.17619914
0.23702700,4.37701996,0.20206208,4.17495788
0.23752600,4.37552560,0.20181318,4.17371241
0.23802500,4.37402546,0.20156265,4.17246281
0.23852400,4.37251965,0.20131046,4.17120919
0.23902300,4.37100827,0.20105662,4.16995164
0.23952200,4.36949140,0.20080114,4.16869027
0.24002100,4.36796917,0.20054400,4.16742517
0.24052000,4.36644168,0.20028522,4.16615646
0.24101900,4.36490904,0.20002479,4.16488425
0.24151800,4.36337136,0.19976271,4.16360866
0.24201700,4.36182878,0.19949899,4.16232979
0.24251600,4.36028140,0.19923363,4.16104777
0.24301500,4.35872937,0.19896664,4.15976273
0.24351400,4.35717281,0.19869801,4.15847479
0.24401300,4.35561185,0.19842777,4.15718408
0.24451200,4.35404664,0.19815590,4.15589074
0.24501100,4.35247732,0.19788243,4.15459490
0.24551000,4.35090404,0.19760735,4.15329670
0.24600900,4.34932695,0.19733067,4.15199628
0.24650800,4.34774620,0.19705241,4.15069380
0.24700700,4.34616196,0.19677257,4.14938939
0.24750600,4.34457439,0.19649117,4.14808322
0.24800500,4.34298365,0.19620821,4.14677544
0.24850400,4.34138992,0.19592370,4.14546622
0.24900300,4.33979337,0.19563766,4.14415570
0.24950200,4.33819418,0.19535011,4.14284407
0.25000100,4.33659254,0.19506105,4.14153149
0.25050000,4.33498863,0.19477049,4.14021813
0.25099900,4.33338264,0.19447847,4.13890418
0.25149800,4.33177478,0.19418498,4.13758980
0.25199700,4.33016523,0.19389004,4.13627519
0.25249600,4.32855421,0.19359368,4.13496053
0.25299500,4.32694192,0.19329591,4.13364602
0.25349400,4.32532857,0.19299674,4.13233183
0.25399300,4.32371438,0.19269620,4.13101818
0.25449200,4.32209956,0.19239431,4.12970525
0.25499100,4.32048434,0.19209108,4.12839326
0.25549000,4.31886895,0.19178654,4.12708241
0.25598900,4.31725360,0.19148070,4.12577290
0.25648800,4.31563855,0.19117359,4.12446495
0.25698700,4.31402401,0.19086524,4.12315878
0.25748600,4.31241024,0.19055565,4.12185459
0.25798500,4.31079748,0.19024487,4.12055261
0.25848400,4.30918597,0.18993290,4.11925307
0.25898300,4.30757597,0.18961979,4.11795618
0.25948200,4.30596772,0.18930554,4.11666218
0.25998100,4.30436148,0.18899019,4.11537130
0.26048000,4.30275752,0.18867376,4.11408376
0.26097900,4.30115609,0.18835628,4.11279981
0.26147800,4.29955746,0.18803777,4.11151968
0.26197700,4.29796189,0.18771827,4.11024361
0.26247600,4.29636965,0.18739781,4.10897185
0.26297500,4.29478102,0.18707640,4.10770462
0.26347400,4.29319627,0.18675408,4.10644219
0.26397300,4.29161568,0.18643088,4.10518480
0.26447200,4.29003952,0.18610684,4.10393268
0.26497100,4.28846807,0.18578197,4.10268610
0.26547000,4.28690162,0.18545631,4.10144531
0.26596900,4.28534044,0.18512989,4.10021054
0.26646800,4.28378482,0.18480275,4.09898207
0.26696700,4.28223504,0.18447491,4.09776013
0.26746600,4.28069140,0.18414641,4.09654499
0.26796500,4.27915418,0.18381728,4.09533690
0.26846400,4.27762365,0.18348755,4.09413610
0.26896300,4.27610012,0.18315726,4.09294286
0.26946200,4.27458387,0.18282644,4.09175743
0.26996100,4.27307519,0.18249512,4.09058007
0.27046000,4.27157436,0.18216334,4.08941102
0.27095900,4.27008168,0.18183113,4.08825054
0.27145800,4.26859742,0.18149853,4.08709889
0.27195700,4.26712187,0.18116557,4.08595630
0.27245600,4.26565533,0.18083229,4.08482303
0.27295500,4.26419806,0.18049872,4.08369934
0.27345400,4.26275035,0.18016490,4.08258546
0.27395300,4.26131249,0.17983086,4.08148164
0.27445200,4.25988475,0.17949663,4.08038812
0.27495100,4.25846741,0.17916226,4.07930514
0.27545000,4.25706073,0.17882779,4.07823294
0.27594900,4.25566499,0.17849323,4.07717176
0.27644800,4.25428046,0.17815864,4.07612181
0.27694700,4.25290740,0.17782405,4.07508334
0.27744600,4.25154606,0.17748950,4.07405657
0.27794500,4.25019672,0.17715501,4.07304171
0.27844400,4.24885962,0.17682063,4.07203899
0.27894300,4.24753501,0.17648639,4.07104862
0.27944200,4.24622313,0.17615233,4.07007080
0.27994100,4.24492423,0.17581849,4.06910574
0.28044000,4.24363854,0.17548490,4.06815364
0.28093900,4.24236628,0.17515159,4.06721469
0.28143800,4.24110769,0.17481861,4.06628908
0.28193700,4.23986298,0.17448599,4.06537699
0.28243600,4.23863236,0.17415376,4.06447860
0.28293500,4.23741604,0.17382196,4.06359408
0.28343400,4.23621422,0.17349062,4.06272360
0.28393300,4.23502709,0.17315978,4.06186731
0.28443200,4.23385484,0.17282948,4.06102536
0.28493100,4.23269765,0.17249975,4.06019789
0.28543000,4.23155568,0.17217062,4.05938506
0.28592900,4.23042911,0.17184213,4.05858698
0.28642800,4.22931809,0.17151431,4.05780377
0.28692700,4.22822276,0.17118720,4.05703556
0.28742600,4.22714328,0.17086083,4.05628245
0.28792500,4.22607976,0.17053523,4.05554453
0.28842400,4.22503233,0.17021043,4.05482190
0.28892300,4.22400111,0.16988647,4.05411464
0.28942200,4.22298620,0.16956338,4.05342282
0.28992100,4.22198770,0.16924119,4.05274651
0.29042000,4.22100570,0.16891994,4.05208576
0.29091900,4.22004026,0.16859965,4.05144061
0.29141800,4.21909147,0.16828035,4.05081112
0.29191700,4.21815937,0.16796208,4.05019729
0.29241600,4.21724402,0.16764486,4.04959915
0.29291500,4.21634545,0.16732873,4.04901672
0.29341400,4.21546369,0.16701371,4.04844998
0.29391300,4.21459876,0.16669983,4.04789893
0.29441200,4.21375067,0.16638713,4.04736354
0.29491100,4.21291941,0.16607562,4.04684379
0.29541000,4.21210497,0.16576533,4.04633964
0.29590900,4.21130732,0.16545630,4.04585103
0.29640800,4.21052644,0.16514854,4.04537790
0.29690700,4.20976228,0.16484209,4.04492019
0.29740600,4.20901477,0.16453696,4.04447781
0.29790500,4.20828387,0.16423319,4.04405067
0.29840400,4.20756948,0.16393080,4.04363868
0.29890300,4.20687152,0.16362981,4.04324171
0.29940200,4.20618990,0.16333025,4.04285965
0.29990100,4.20552450,0.16303213,4.04249238
0.30040000,4.20487521,0.16273548,4.04213973
0.30089900,4.20424190,0.16244032,4.04180158
0.30139800,4.20362443,0.16214668,4.04147776
0.30189700,4.20302265,0.16185456,4.04116809
0.30239600,4.20243640,0.16156400,4.04087240
0.30289500,4.20186551,0.16127502,4.04059050
0.30339400,4.20130981,0.16098762,4.04032218
0.30389300,4.20076910,0.16070184,4.04006726
0.30439200,4.20024318,0.16041768,4.03982550
0.30489100,4.19973185,0.16013517,4.03959669
0.30539000,4.19923490,0.15985431,4.03938058
0.30588900,4.19875209,0.15957514,4.03917695
0.30638800,4.19828319,0.15929766,4.03898553
0.30688700,4.19782796,0.15902188,4.03880607
0.30738600,4.19738614,0.15874783,4.03863831
0.30788500,4.19695749,0.15847552,4.03848197
0.30838400,4.19654172,0.15820495,4.03833677
0.30888300,4.19613857,0.15793615,4.03820242
0.30938200,4.19574775,0.15766913,4.03807863
0.30988100,4.19536898,0.15740388,4.03796510
0.31038000,4.19500196,0.15714044,4.03786152
0.31087900,4.19464638,0.15687881,4.03776757
0.31137800,4.19430194,0.15661899,4.03768295
0.31187700,4.19396832,0.15636100,4.03760732
0.31237600,4.19364521,0.15610485,4.03754036
0.31287500,4.19333227,0.15585055,4.03748173
0.31337400,4.19302919,0.15559809,4.03743109
0.31387300,4.19273561,0.15534750,4.03738811
0.31437200,4.19245121,0.15509878,4.03735243
0.31487100,4.19217563,0.15485193,4.03732371
0.31537000,4.19190855,0.15460696,4.03730159
0.31586900,4.19164959,0.15436387,4.03728572
0.31636800,4.19139842,0.15412268,4.03727574
0.31686700,4.19115467,0.15388338,4.03727129
0.31736600,4.19091799,0.15364598,4.03727201
0.31786500,4.19068801,0.15341048,4.03727753
0.31836400,4.19046439,0.15317688,4.03728750
0.31886300,4.19024674,0.15294520,4.03730155
0.31936200,4.19003472,0.15271542,4.03731930
0.31986100,4.18982796,0.15248756,4.03734041
0.32036000,4.18962610,0.15226160,4.03736449
0.32085900,4.18942876,0.15203756,4.03739120
0.32135800,4.18923559,0.15181543,4.03742016
0.32185700,4.18904623,0.15159522,4.03745101
0.32235600,4.18886031,0.15137692,4.03748339
0.32285500,4.18867748,0.15116053,4.03751695
0.32335400,4.18849737,0.15094605,4.03755132
0.32385300,4.18831964,0.15073348,4.03758616
0.32435200,4.18814392,0.15052282,4.03762111
0.32485100,4.18796988,0.15031406,4.03765582
0.32535000,4.18779716,0.15010720,4.03768996
0.32584900,4.18762541,0.14990223,4.03772318
0.32634800,4.18745431,0.14969917,4.03775514
0.32684700,4.18728350,0.14949799,4.03778551
0.32734600,4.18711267,0.14929870,4.03781397
0.32784500,4.18694148,0.14910129,4.03784019
0.32834400,4.18676960,0.14890575,4.03786385
0.32884300,4.18659673,0.14871209,4.03788464
0.32934200,4.18642255,0.14852029,4.03790226
0.32984100,4.18624675,0.14833036,4.03791640
0.33034000,4.18606903,0.14814227,4.03792676
0.33083900,4.18588910,0.14795603,4.03793306
0.33133800,4.18570666,0.14777163,4.03793502
0.33183700,4.18552142,0.14758907,4.03793235
0.33233600,4.18533313,0.14740833,4.03792480
0.33283500,4.18514149,0.14722941,4.03791208
0.33333400,4.18494626,0.14705230,4.03789396
0.33383300,4.18474716,0.14687699,4.03787017
0.33433200,4.18454396,0.14670348,4.03784048
0.33483100,4.18433640,0.14653175,4.03780465
0.33533000,4.18412426,0.14636180,4.03776246
0.33582900,4.18390730,0.14619362,4.03771368
0.33632800,4.18368530,0.14602719,4.03765811
0.33682700,4.18345805,0.14586252,4.03759553
0.33732600,4.18322534,0.14569959,4.03752575
0.33782500,4.18298697,0.14553838,4.03744859
0.33832400,4.18274276,0.14537890,4.03736386
0.33882300,4.18249252,0.14522113,4.03727139
0.33932200,4.18223606,0.14506505,4.03717101
0.33982100,4.18197324,0.14491067,4.03706257
0.34032000,4.18170388,0.14475797,4.03694591
0.34081900,4.18142783,0.14460694,4.03682090
0.34131800,4.18114496,0.14445756,4.03668739
0.34181700,4.18085511,0.14430984,4.03654528
0.34231600,4.18055817,0.14416375,4.03639442
0.34281500,4.18025401,0.14401928,4.03623473
0.34331400,4.17994252,0.14387643,4.03606609
0.34381300,4.17962359,0.14373518,4.03588841
0.34431200,4.17929712,0.14359552,4.03570160
0.34481100,4.17896303,0.14345744,4.03550559
0.34531000,4.17862123,0.14332093,4.03530029
0.34580900,4.17827164,0.14318598,4.03508566
0.34630800,4.17791419,0.14305257,4.03486162
0.34680700,4.17754883,0.14292069,4.03462813
0.34730600,4.17717549,0.14279034,4.03438515
0.34780500,4.17679413,0.14266149,4.03413264
0.34830400,4.17640472,0.14253414,4.03387057
0.34880300,4.17600721,0.14240828,4.03359893
0.34930200,4.17560157,0.14228389,4.03331769
0.34980100,4.17518779,0.14216095,4.03302684
0.35030000,4.17476586,0.14203947,4.03272639
0.35079900,4.17433576,0.14191942,4.03241634
0.35129800,4.17389749,0.14180080,4.03209669
0.35179700,4.17345106,0.14168359,4.03176747
0.35229600,4.17299648,0.14156778,4.03142870
0.35279500,4.17253375,0.14145335,4.03108040
0.35329400,4.17206291,0.14134030,4.03072261
0.35379300,4.17158398,0.14122861,4.03035537
0.35429200,4.17109699,0.14111827,4.02997872
0.35479100,4.17060198,0.14100927,4.02959271
0.35529000,4.17009899,0.14090160,4.02919740
0.35578900,4.16958807,0.14079524,4.02879284
0.35628800,4.16906927,0.14069017,4.02837910
0.35678700,4.16854264,0.14058640,4.02795624
0.35728600,4.16800825,0.14048390,4.02752435
0.35778500,4.16746616,0.14038267,4.02708349
0.35828400,4.16691644,0.14028269,4.02663375
0.35878300,4.16635917,0.14018395,4.02617522
0.35928200,4.16579441,0.14008644,4.02570797
0.35978100,4.16522225,0.13999014,4.02523211
0.36028000,4.16464277,0.13989504,4.02474773
0.36077900,4.16405606,0.13980114,4.02425492
0.36127800,4.16346221,0.13970841,4.02375380
0.36177700,4.16286131,0.13961685,4.02324446
0.36227600,4.16225346,0.13952645,4.02272702
0.36277500,4.16163876,0.13943719,4.02220157
0.36327400,4.16101730,0.13934906,4.02166825
0.36377300,4.16038920,0.13926205,4.02112715
0.36427200,4.15975455,0.13917615,4.02057841
0.36477100,4.15911347,0.13909134,4.02002213
0.36527000,4.15846606,0.13900762,4.01945844
0.36576900,4.15781244,0.13892497,4.01888747
0.36626800,4.15715272,0.13884338,4.01830933
0.36676700,4.15648701,0.13876285,4.01772416
0.36726600,4.15581543,0.13868335,4.01713208
0.36776500,4.15513810,0.13860488,4.01653323
0.36826400,4.15445514,0.13852742,4.01592772
0.36876300,4.15376667,0.13845097,4.01531570
0.36926200,4.15307280,0.13837551,4.01469729
0.36976100,4.15237367,0.13830104,4.01407263
0.37026000,4.15166938,0.13822754,4.01344185
0.37075900,4.15096008,0.13815500,4.01280508
0.37125800,4.15024587,0.13808340,4.01216247
0.37175700,4.14952689,0.13801275,4.01151414
0.37225600,4.14880325,0.13794303,4.01086022
0.37275500,4.14807509,0.13787422,4.01020087
0.37325400,4.14734252,0.13780632,4.00953620
0.37375300,4.14660568,0.13773932,4.00886636
0.37425200,4.14586468,0.13767320,4.00819147
0.37475100,4.14511965,0.13760796,4.00751169
0.37525000,4.14437072,0.13754359,4.00682713
0.37574900,4.14361800,0.13748007,4.00613793
0.37624800,4.14286163,0.13741740,4.00544423
0.37674700,4.14210172,0.13735556,4.00474615
0.37724600,4.14133840,0.13729455,4.00404384
0.37774500,4.14057178,0.13723436,4.00333742
0.37824400,4.13980200,0.13717497,4.00262703
0.37874300,4.13902917,0.13711638,4.00191279
0.37924200,4.13825340,0.13705858,4.00119483
0.37974100,4.13747483,0.13700155,4.00047328
0.38024000,4.13669355,0.13694529,3.99974826
0.38073900,4.13590970,0.13688979,3.99901991
0.38123800,4.13512339,0.13683504,3.99828835
0.38173700,4.13433473,0.13678103,3.99755370
0.38223600,4.13354383,0.13672776,3.99681608
0.38273500,4.13275081,0.13667520,3.99607561
0.38323400,4.13195578,0.13662336,3.99533242
0.38373300,4.13115885,0.13657222,3.99458662
0.38423200,4.13036012,0.13652178,3.99383833
0.38473100,4.12955970,0.13647203,3.99308767
0.38523000,4.12875770,0.13642296,3.99233474
0.38572900,4.12795422,0.13637455,3.99157967
0.38622800,4.12714937,0.13632681,3.99082256
0.38672700,4.12634324,0.13627972,3.99006352
0.38722600,4.12553594,0.13623328,3.98930266
0.38772500,4.12472756,0.13618748,3.98854009
0.38822400,4.12391820,0.13614230,3.98777590
0.38872300,4.12310796,0.13609775,3.98701021
0.38922200,4.12229693,0.13605381,3.98624312
0.38972100,4.12148519,0.13601047,3.98547472
0.39022000,4.12067285,0.13596773,3.98470512
0.39071900,4.11985999,0.13592558,3.98393441
0.39121800,4.11904670,0.13588402,3.98316268
0.39171700,4.11823305,0.13584303,3.98239002
0.39221600,4.11741915,0.13580261,3.98161654
0.39271500,4.11660506,0.13576275,3.98084232
0.39321400,4.11579088,0.13572344,3.98006744
0.39371300,4.11497667,0.13568467,3.97929200
0.39421200,4.11416252,0.13564645,3.97851607
0.39471100,4.11334850,0.13560876,3.97773974
0.39521000,4.11253469,0.13557159,3.97696310
0.39570900,4.11172115,0.13553494,3.97618621
0.39620800,4.11090797,0.13549880,3.97540916
0.39670700,4.11009520,0.13546317,3.97463203
0.39720600,4.10928292,0.13542804,3.97385489
0.39770500,4.10847119,0.13539339,3.97307780
0.39820400,4.10766008,0.13535923,3.97230085
0.39870300,4.10684965,0.13532555,3.97152410
0.39920200,4.10603996,0.13529234,3.97074762
0.39970100,4.10523107,0.13525960,3.96997147
0.40020000,4.10442303,0.13522732,3.96919572
0.40069900,4.10361591,0.13519549,3.96842043
0.40119800,4.10280976,0.13516411,3.96764566
0.40169700,4.10200464,0.13513317,3.96687147
0.40219600,4.10120058,0.13510266,3.96609792
0.40269500,4.10039766,0.13507259,3.96532507
0.40319400,4.09959590,0.13504293,3.96455297
0.40369300,4.09879537,0.13501370,3.96378167
0.40419200,4.09799610,0.13498488,3.96301122
0.40469100,4.09719814,0.13495647,3.96224168
0.40519000,4.09640154,0.13492846,3.96147308
0.40568900,4.09560634,0.13490084,3.96070549
0.40618800,4.09481256,0.13487362,3.95993895
0.40668700,4.09402027,0.13484678,3.95917349
0.40718600,4.09322948,0.13482032,3.95840916
0.40768500,4.09244025,0.13479424,3.95764601
0.40818400,4.09165259,0.13476852,3.95688407
0.40868300,4.09086655,0.13474318,3.95612338
0.40918200,4.09008216,0.13471819,3.95536398
0.40968100,4.08929945,0.13469355,3.95460590
0.41018000,4.08851844,0.13466927,3.95384917
0.41067900,4.08773918,0.13464533,3.95309384
0.41117800,4.08696167,0.13462174,3.95233993
0.41167700,4.08618595,0.13459848,3.95158748
0.41217600,4.08541205,0.13457555,3.95083651
0.41267500,4.08463998,0.13455294,3.95008704
0.41317400,4.08386978,0.13453066,3.94933911
0.41367300,4.08310145,0.13450870,3.94859275
0.41417200,4.08233502,0.13448705,3.94784797
0.41467100,4.08157052,0.13446571,3.94710481
0.41517000,4.08080795,0.13444468,3.94636327
0.41566900,4.08004733,0.13442394,3.94562339
0.41616800,4.07928868,0.13440350,3.94488518
0.41666700,4.07853202,0.13438336,3.94414866
0.41716600,4.07777735,0.13436350,3.94341385
0.41766500,4.07702470,0.13434393,3.94268077
0.41816400,4.07627406,0.13432463,3.94194943
0.41866300,4.07552546,0.13430562,3.94121984
0.41916200,4.07477890,0.13428687,3.94049203
0.41966100,4.07403440,0.13426840,3.93976600
0.42016000,4.07329195,0.13425019,3.93904176
0.42065900,4.07255157,0.13423224,3.93831933
0.42115800,4.07181326,0.13421455,3.93759871
0.42165700,4.07107703,0.13419711,3.93687992
0.42215600,4.07034288,0.13417992,3.93616296
0.42265500,4.06961082,0.13416298,3.93544783
0.42315400,4.06888084,0.13414629,3.93473456
0.42365300,4.06815296,0.13412983,3.93402313
0.42415200,4.06742717,0.13411361,3.93331356
0.42465100,4.06670348,0.13409762,3.93260585
0.42515000,4.06598187,0.13408186,3.93190001
0.42564900,4.06526236,0.13406633,3.93119603
0.42614800,4.06454494,0.13405103,3.93049392
0.42664700,4.06382961,0.13403594,3.92979367
0.42714600,4.06311636,0.13402107,3.92909529
0.42764500,4.06240520,0.13400641,3.92839878
0.42814400,4.06169611,0.13399197,3.92770414
0.42864300,4.06098909,0.13397773,3.92701136
0.42914200,4.06028414,0.13396370,3.92632044
0.42964100,4.05958125,0.13394987,3.92563139
0.43014000,4.05888042,0.13393624,3.92494418
0.43063900,4.05818163,0.13392280,3.92425883
0.43113800,4.05748488,0.13390956,3.92357532
0.43163700,4.05679017,0.13389651,3.92289365
0.43213600,4.05609747,0.13388365,3.92221382
0.43263500,4.05540678,0.13387098,3.92153581
0.43313400,4.05471810,0.13385848,3.92085962
0.43363300,4.05403141,0.13384617,3.92018524
0.43413200,4.05334670,0.13383403,3.91951266
0.43463100,4.05266395,0.13382207,3.91884188
0.43513000,4.05198317,0.13381028,3.91817288
0.43562900,4.05130432,0.13379866,3.91750566
0.43612800,4.05062741,0.13378721,3.91684020
0.43662700,4.04995242,0.13377592,3.91617649
0.43712600,4.04927933,0.13376480,3.91551453
0.43762500,4.04860813,0.13375383,3.91485429
0.43812400,4.04793880,0.13374303,3.91419577
0.43862300,4.04727134,0.13373238,3.91353896
0.43912200,4.04660572,0.13372188,3.91288384
0.43962100,4.04594192,0.13371153,3.91223039
0.44012000,4.04527994,0.13370134,3.91157861
0.44061900,4.04461976,0.13369128,3.91092848
0.44111800,4.04396136,0.13368138,3.91027998
0.44161700,4.04330471,0.13367161,3.90963310
0.44211600,4.04264981,0.13366199,3.90898782
0.44261500,4.04199664,0.13365250,3.90834413
0.44311400,4.04134517,0.13364316,3.90770202
0.44361300,4.04069539,0.13363394,3.90706145
0.44411200,4.04004729,0.13362486,3.90642243
0.44461100,4.03940083,0.13361590,3.90578493
0.44511000,4.03875600,0.13360708,3.90514893
0.44560900,4.03811279,0.13359838,3.90451441
0.44610800,4.03747116,0.13358981,3.90388136
0.44660700,4.03683111,0.13358135,3.90324976
0.44710600,4.03619261,0.13357302,3.90261958
0.44760500,4.03555563,0.13356481,3.90199082
0.44810400,4.03492016,0.13355672,3.90136345
0.44860300,4.03428618,0.13354874,3.90073745
0.44910200,4.03365367,0.13354087,3.90011279
0.44960100,4.03302259,0.13353312,3.89948947
0.45010000,4.03239293,0.13352547,3.89886746
0.45059900,4.03176467,0.13351794,3.89824674
0.45109800,4.03113779,0.13351051,3.89762728
0.45159700,4.03051226,0.13350318,3.89700907
0.45209600,4.02988805,0.13349596,3.89639209
0.45259500,4.02926515,0.13348885,3.89577630
0.45309400,4.02864353,0.13348183,3.89516170
0.45359300,4.02802317,0.13347491,3.89454826
0.45409200,4.02740404,0.13346809,3.89393595
0.45459100,4.02678612,0.13346136,3.89332476
0.45509000,4.02616938,0.13345473,3.89271465
0.45558900,4.02555380,0.13344819,3.89210561
0.45608800,4.02493936,0.13344174,3.89149762
0.45658700,4.02432602,0.13343538,3.89089064
0.45708600,4.02371377,0.13342911,3.89028466
0.45758500,4.02310258,0.13342293,3.88967965
0.45808400,4.02249242,0.13341683,3.88907559
0.45858300,4.02188326,0.13341082,3.88847245
0.45908200,4.02127509,0.13340488,3.88787020
0.45958100,4.02066787,0.13339903,3.88726883
0.46008000,4.02006158,0.13339326,3.88666831
0.46057900,4.01945618,0.13338757,3.88606861
0.46107800,4.01885167,0.13338196,3.88546971
0.46157700,4.01824800,0.13337642,3.88487158
0.46207600,4.01764515,0.13337096,3.88427419
0.46257500,4.01704309,0.13336557,3.88367753
0.46307400,4.01644180,0.13336025,3.88308155
0.46357300,4.01584125,0.13335500,3.88248625
0.46407200,4.01524140,0.13334982,3.88189158
0.46457100,4.01464224,0.13334471,3.88129753
0.46507000,4.01404373,0.13333967,3.88070406
0.46556900,4.01344585,0.13333469,3.88011115
0.46606800,4.01284856,0.13332978,3.87951878
0.46656700,4.01225184,0.13332493,3.87892691
0.46706600,4.01165567,0.13332015,3.87833552
0.46756500,4.01106000,0.13331542,3.87774457
0.46806400,4.01046481,0.13331076,3.87715405
0.46856300,4.00987008,0.13330615,3.87656392
0.46906200,4.00927577,0.13330161,3.87597416
0.46956100,4.00868185,0.13329711,3.87538474
0.47006000,4.00808830,0.13329268,3.87479562
0.47055900,4.00749508,0.13328829,3.87420679
0.47105800,4.00690217,0.13328397,3.87361820
0.47155700,4.00630953,0.13327969,3.87302984
0.47205600,4.00571713,0.13327546,3.87244167
0.47255500,4.00512495,0.13327129,3.87185367
0.47305400,4.00453295,0.13326716,3.87126580
0.47355300,4.00394111,0.13326308,3.87067803
0.47405200,4.00334939,0.13325904,3.87009034
0.47455100,4.00275776,0.13325505,3.86950270
0.47505000,4.00216619,0.13325111,3.86891508
0.47554900,4.00157465,0.13324721,3.86832744
0.47604800,4.00098311,0.13324335,3.86773976
0.47654700,4.00039153,0.13323953,3.86715200
0.47704600,3.99979989,0.13323575,3.86656414
0.47754500,3.99920816,0.13323201,3.86597615
0.47804400,3.99861630,0.13322831,3.86538799
0.47854300,3.99802428,0.13322465,3.86479963
0.47904200,3.99743207,0.13322102,3.86421105
0.47954100,3.99683964,0.13321742,3.86362221
0.48004000,3.99624695,0.13321386,3.86303309
0.48053900,3.99565398,0.13321033,3.86244364
0.48103800,3.99506069,0.13320684,3.86185385
0.48153700,3.99446704,0.13320337,3.86126368
0.48203600,3.99387302,0.13319993,3.86067309
0.48253500,3.99327858,0.13319652,3.86008206
0.48303400,3.99268369,0.13319313,3.85949056
0.48353300,3.99208832,0.13318978,3.85889855
0.48403200,3.99149244,0.13318644,3.85830600
0.48453100,3.99089602,0.13318313,3.85771289
0.48503000,3.99029901,0.13317984,3.85711917
0.48552900,3.98970140,0.13317658,3.85652482
0.48602800,3.98910314,0.13317333,3.85592981
0.48652700,3.98850421,0.13317010,3.85533411
0.48702600,3.98790457,0.13316689,3.85473768
0.48752500,3.98730419,0.13316370,3.85414049
0.48802400,3.98670303,0.13316052,3.85354251
0.48852300,3.98610107,0.13315736,3.85294371
0.48902200,3.98549827,0.13315421,3.85234406
0.48952100,3.98489459,0.13315107,3.85174353
0.49002000,3.98429002,0.13314794,3.85114208
0.49051900,3.98368450,0.13314482,3.85053968
0.49101800,3.98307801,0.13314171,3.84993630
0.49151700,3.98247052,0.13313860,3.84933192
0.49201600,3.98186200,0.13313551,3.84872649
0.49251500,3.98125240,0.13313241,3.84811999
0.49301400,3.98064171,0.13312932,3.84751239
0.49351300,3.98002989,0.13312623,3.84690366
0.49401200,3.97941690,0.13312314,3.84629376
0.49451100,3.97880271,0.13312004,3.84568267
0.49501000,3.97818730,0.13311695,3.84507035
0.49550900,3.97757062,0.13311385,3.84445677
0.49600800,3.97695265,0.13311074,3.84384191
0.49650700,3.97633336,0.13310763,3.84322573
0.49700600,3.97571272,0.13310451,3.84260821
0.49750500,3.97509069,0.13310138,3.84198931
0.49800400,3.97446724,0.13309824,3.84136900
0.49850300,3.97384234,0.13309508,3.84074726
0.49900200,3.97321596,0.13309191,3.84012406
0.49950100,3.97258808,0.13308872,3.83949936
0.50000000,3.97195866,0.13308551,3.83887314
0.50049900,3.97132766,0.13308229,3.83824538
0.50099800,3.97069507,0.13307904,3.83761604
0.50149700,3.97006086,0.13307576,3.83698509
0.50199600,3.96942498,0.13307246,3.83635252
0.50249500,3.96878742,0.13306914,3.83571829
0.50299400,3.96814815,0.13306578,3.83508237
0.50349300,3.96750714,0.13306240,3.83444474
0.50399200,3.96686436,0.13305898,3.83380538
0.50449100,3.96621978,0.13305552,3.83316426
0.50499000,3.96557338,0.13305203,3.83252136
0.50548900,3.96492513,0.13304849,3.83187664
0.50598800,3.96427501,0.13304492,3.83123010
0.50648700,3.96362299,0.13304130,3.83058169
0.50698600,3.96296904,0.13303763,3.82993141
0.50748500,3.96231315,0.13303391,3.82927924
0.50798400,3.96165528,0.13303015,3.82862513
0.50848300,3.96099542,0.13302633,3.82796909
0.50898200,3.96033354,0.13302245,3.82731109
0.50948100,3.95966962,0.13301851,3.82665110
0.50998000,3.95900363,0.13301451,3.82598912
0.51047900,3.95833556,0.13301045,3.82532511
0.51097800,3.95766540,0.13300632,3.82465907
0.51147700,3.95699310,0.13300212,3.82399098
0.51197600,3.95631867,0.13299785,3.82332082
0.51247500,3.95564208,0.13299350,3.82264858
0.51297400,3.95496331,0.13298907,3.82197424
0.51347300,3.95428235,0.13298456,3.82129779
0.51397200,3.95359918,0.13297996,3.82061922
0.51447100,3.95291378,0.13297527,3.81993851
0.51497000,3.95222615,0.13297049,3.81925566
0.51546900,3.95153626,0.13296561,3.81857065
0.51596800,3.95084412,0.13296064,3.81788348
0.51646700,3.95014969,0.13295556,3.81719414
0.51696600,3.94945298,0.13295037,3.81650262
0.51746500,3.94875398,0.13294507,3.81580891
0.51796400,3.94805267,0.13293965,3.81511302
0.51846300,3.94734905,0.13293411,3.81441493
0.51896200,3.94664311,0.13292845,3.81371465
0.51946100,3.94593484,0.13292266,3.81301218
0.51996000,3.94522425,0.13291674,3.81230750
0.52045900,3.94451132,0.13291068,3.81160064
0.52095800,3.94379606,0.13290448,3.81089158
0.52145700,3.94307846,0.13289813,3.81018033
0.52195600,3.94235852,0.13289162,3.80946689
0.52245500,3.94163624,0.13288496,3.80875128
0.52295400,3.94091163,0.13287813,3.80803350
0.52345300,3.94018469,0.13287114,3.80731355
0.52395200,3.93945542,0.13286397,3.80659145
0.52445100,3.93872383,0.13285662,3.80586721
0.52495000,3.93798993,0.13284908,3.80514084
0.52544900,3.93725371,0.13284135,3.80441236
0.52594800,3.93651520,0.13283342,3.80368178
0.52644700,3.93577440,0.13282529,3.80294911
0.52694600,3.93503132,0.13281694,3.80221438
0.52744500,3.93428598,0.13280838,3.80147761
0.52794400,3.93353839,0.13279958,3.80073881
0.52844300,3.93278857,0.13279056,3.79999801
0.52894200,3.93203653,0.13278129,3.79925524
0.52944100,3.93128229,0.13277177,3.79851051
0.52994000,3.93052587,0.13276200,3.79776387
0.53043900,3.92976729,0.13275196,3.79701533
0.53093800,3.92900657,0.13274165,3.79626492
0.53143700,3.92824374,0.13273106,3.79551269
0.53193600,3.92747883,0.13272017,3.79475865
0.53243500,3.92671184,0.13270899,3.79400286
0.53293400,3.92594283,0.13269749,3.79324533
0.53343300,3.92517180,0.13268568,3.79248612
0.53393200,3.92439880,0.13267354,3.79172527
0.53443100,3.92362386,0.13266106,3.79096280
0.53493000,3.92284700,0.13264823,3.79019877
0.53542900,3.92206826,0.13263503,3.78943322
0.53592800,3.92128767,0.13262147,3.78866620
0.53642700,3.92050528,0.13260753,3.78789776
0.53692600,3.91972112,0.13259319,3.78712794
0.53742500,3.91893523,0.13257844,3.78635679
0.53792400,3.91814765,0.13256328,3.78558437
0.53842300,3.91735841,0.13254768,3.78481074
0.53892200,3.91656758,0.13253164,3.78403594
0.53942100,3.91577517,0.13251514,3.78326003
0.53992000,3.91498125,0.13249817,3.78248308
0.54041900,3.91418586,0.13248071,3.78170515
0.54091800,3.91338904,0.13246276,3.78092629
0.54141700,3.91259085,0.13244429,3.78014656
0.54191600,3.91179133,0.13242529,3.77936605
0.54241500,3.91099054,0.13240574,3.77858480
0.54291400,3.91018852,0.13238563,3.77780289
0.54341300,3.90938533,0.13236494,3.77702038
0.54391200,3.90858101,0.13234366,3.77623735
0.54441100,3.90777564,0.13232177,3.77545387
0.54491000,3.90696925,0.13229924,3.77467001
0.54540900,3.90616192,0.13227607,3.77388585
0.54590800,3.90535368,0.13225222,3.77310146
0.54640700,3.90454461,0.13222769,3.77231692
0.54690600,3.90373476,0.13220246,3.77153231
0.54740500,3.90292419,0.13217649,3.77074770
0.54790400,3.90211296,0.13214978,3.76996318
0.54840300,3.90130113,0.13212230,3.76917883
0.54890200,3.90048876,0.13209403,3.76839473
0.54940100,3.89967591,0.13206495,3.76761097
0.54990000,3.89886265,0.13203502,3.76682762
0.55039900,3.89804904,0.13200424,3.76604479
0.55089800,3.89723513,0.13197258,3.76526255
0.55139700,3.89642100,0.13194001,3.76448100
0.55189600,3.89560671,0.13190650,3.76370021
0.55239500,3.89479233,0.13187204,3.76292029
0.55289400,3.89397791,0.13183658,3.76214132
0.55339300,3.89316352,0.13180012,3.76136340
0.55389200,3.89234922,0.13176262,3.76058661
0.55439100,3.89153509,0.13172404,3.75981105
0.55489000,3.89072119,0.13168437,3.75903681
0.55538900,3.88990757,0.13164358,3.75826399
0.55588800,3.88909431,0.13160162,3.75749269
0.55638700,3.88828147,0.13155848,3.75672299
0.55688600,3.88746912,0.13151412,3.75595500
0.55738500,3.88665731,0.13146851,3.75518881
0.55788400,3.88584612,0.13142161,3.75442452
0.55838300,3.88503561,0.13137339,3.75366222
0.55888200,3.88422584,0.13132383,3.75290201
0.55938100,3.88341687,0.13127287,3.75214400
0.55988000,3.88260878,0.13122050,3.75138828
0.56037900,3.88180161,0.13116667,3.75063494
0.56087800,3.88099543,0.13111134,3.74988409
0.56137700,3.88019031,0.13105448,3.74913583
0.56187600,3.87938630,0.13099605,3.74839026
0.56237500,3.87858347,0.13093601,3.74764746
0.56287400,3.87778188,0.13087432,3.74690755
0.56337300,3.87698158,0.13081095,3.74617063
0.56387200,3.87618263,0.13074584,3.74543678
0.56437100,3.87538509,0.13067897,3.74470612
0.56487000,3.87458901,0.13061028,3.74397873
0.56536900,3.87379446,0.13053974,3.74325472
0.56586800,3.87300149,0.13046731,3.74253419
0.56636700,3.87221015,0.13039293,3.74181722
0.56686600,3.87142050,0.13031656,3.74110393
0.56736500,3.87063258,0.13023817,3.74039441
0.56786400,3.86984645,0.13015770,3.73968875
0.56836300,3.86906216,0.13007512,3.73898704
0.56886200,3.86827976,0.12999036,3.73828940
0.56936100,3.86749930,0.12990340,3.73759590
0.56986000,3.86672082,0.12981417,3.73690664
0.57035900,3.86594437,0.12972265,3.73622172
0.57085800,3.86516999,0.12962876,3.73554123
0.57135700,3.86439774,0.12953248,3.73486526
0.57185600,3.86362764,0.12943375,3.73419389
0.57235500,3.86285975,0.12933252,3.73352723
0.57285400,3.86209410,0.12922875,3.73286536
0.57335300,3.86133074,0.12912238,3.73220835
0.57385200,3.86056969,0.12901338,3.73155631
0.57435100,3.85981101,0.12890169,3.73090932
0.57485000,3.85905471,0.12878726,3.73026745
0.57534900,3.85830085,0.12867005,3.72963079
0.57584800,3.85754944,0.12855001,3.72899942
0.57634700,3.85680052,0.12842710,3.72837342
0.57684600,3.85605413,0.12830126,3.72775287
0.57734500,3.85531029,0.12817245,3.72713784
0.57784400,3.85456902,0.12804063,3.72652840
0.57834300,3.85383037,0.12790574,3.72592462
0.57884200,3.85309434,0.12776776,3.72532658
0.57934100,3.85236097,0.12762663,3.72473434
0.57984000,3.85163028,0.12748231,3.72414797
0.58033900,3.85090229,0.12733477,3.72356752
0.58083800,3.85017702,0.12718396,3.72299306
0.58133700,3.84945449,0.12702984,3.72242465
0.58183600,3.84873472,0.12687238,3.72186234
0.58233500,3.84801773,0.12671155,3.72130618
0.58283400,3.84730352,0.12654730,3.72075622
0.58333300,3.84659212,0.12637961,3.72021251
0.58383200,3.84588354,0.12620845,3.71967509
0.58433100,3.84517779,0.12603379,3.71914401
0.58483000,3.84447489,0.12585560,3.71861929
0.58532900,3.84377483,0.12567386,3.71810097
0.58582800,3.84307763,0.12548855,3.71758908
0.58632700,3.84238330,0.12529965,3.71708365
0.58682600,3.84169185,0.12510715,3.71658470
0.58732500,3.84100327,0.12491103,3.71609224
0.58782400,3.84031758,0.12471128,3.71560630
0.58832300,3.83963478,0.12450790,3.71512688
0.58882200,3.83895486,0.12430087,3.71465399
0.58932100,3.83827784,0.12409021,3.71418763
0.58982000,3.83760370,0.12387591,3.71372779
0.59031900,3.83693246,0.12365798,3.71327448
0.59081800,3.83626410,0.12343643,3.71282768
0.59131700,3.83559863,0.12321127,3.71238737
0.59181600,3.83493605,0.12298252,3.71195353
0.59231500,3.83427634,0.12275020,3.71152614
0.59281400,3.83361951,0.12251434,3.71110517
0.59331300,3.83296554,0.12227496,3.71069058
0.59381200,3.83231443,0.12203211,3.71028232
0.59431100,3.83166618,0.12178581,3.70988037
0.59481000,3.83102077,0.12153611,3.70948465
0.59530900,3.83037819,0.12128306,3.70909513
0.59580800,3.82973844,0.12102671,3.70871173
0.59630700,3.82910150,0.12076711,3.70833440
0.59680600,3.82846737,0.12050432,3.70796305
0.59730500,3.82783603,0.12023841,3.70759762
0.59780400,3.82720747,0.11996945,3.70723802
0.59830300,3.82658167,0.11969750,3.70688417
0.59880200,3.82595863,0.11942265,3.70653598
0.59930100,3.82533832,0.11914498,3.70619334
0.59980000,3.82472073,0.11886457,3.70585616
0.60029900,3.82410585,0.11858152,3.70552433
0.60079800,3.82349366,0.11829592,3.70519774
0.60129700,3.82288415,0.11800787,3.70487628
0.60179600,3.82227729,0.11771748,3.70455982
0.60229500,3.82167308,0.11742484,3.70424824
0.60279400,3.82107148,0.11713007,3.70394142
0.60329300,3.82047249,0.11683328,3.70363921
0.60379200,3.81987609,0.11653459,3.70334149
0.60429100,3.81928225,0.11623413,3.70304812
0.60479000,3.81869095,0.11593201,3.70275894
0.60528900,3.81810219,0.11562836,3.70247383
0.60578800,3.81751593,0.11532332,3.70219261
0.60628700,3.81693216,0.11501700,3.70191515
0.60678600,3.81635085,0.11470956,3.70164129
0.60728500,3.81577199,0.11440112,3.70137087
0.60778400,3.81519556,0.11409182,3.70110373
0.60828300,3.81462152,0.11378181,3.70083972
0.60878200,3.81404987,0.11347122,3.70057866
0.60928100,3.81348058,0.11316019,3.70032039
0.60978000,3.81291363,0.11284887,3.70006476
0.61027900,3.81234899,0.11253740,3.69981159
0.61077800,3.81178664,0.11222593,3.69956071
0.61127700,3.81122657,0.11191459,3.69931197
0.61177600,3.81066874,0.11160354,3.69906520
0.61227500,3.81011314,0.11129291,3.69882023
0.61277400,3.80955974,0.11098285,3.69857689
0.61327300,3.80900852,0.11067350,3.69833502
0.61377200,3.80845946,0.11036499,3.69809447
0.61427100,3.80791254,0.11005747,3.69785506
0.61477000,3.80736772,0.10975108,3.69761664
0.61526900,3.80682500,0.10944594,3.69737906
0.61576800,3.80628434,0.10914219,3.69714215
0.61626700,3.80574572,0.10883996,3.69690576
0.61676600,3.80520912,0.10853937,3.69666975
0.61726500,3.80467452,0.10824056,3.69643396
0.61776400,3.80414189,0.10794364,3.69619826
0.61826300,3.80361122,0.10764872,3.69596250
0.61876200,3.80308247,0.10735593,3.69572654
0.61926100,3.80255562,0.10706537,3.69549025
0.61976000,3.80203066,0.10677715,3.69525350
0.62025900,3.80150756,0.10649138,3.69501617
0.62075800,3.80098629,0.10620815,3.69477813
0.62125700,3.80046683,0.10592756,3.69453927
0.62175600,3.79994917,0.10564970,3.69429947
0.62225500,3.79943328,0.10537466,3.69405862
0.62275400,3.79891913,0.10510251,3.69381662
0.62325300,3.79840671,0.10483334,3.69357337
0.62375200,3.79789599,0.10456723,3.69332876
0.62425100,3.79738695,0.10430423,3.69308272
0.62475000,3.79687957,0.10404441,3.69283516
0.62524900,3.79637382,0.10378784,3.69258599
0.62574800,3.79586970,0.10353457,3.69233513
0.62624700,3.79536716,0.10328465,3.69208251
0.62674600,3.79486620,0.10303813,3.69182807
0.62724500,3.79436678,0.10279505,3.69157174
0.62774400,3.79386890,0.10255545,3.69131346
0.62824300,3.79337253,0.10231936,3.69105317
0.62874200,3.79287765,0.10208681,3.69079083
0.62924100,3.79238423,0.10185784,3.69052639
0.62974000,3.79189226,0.10163245,3.69025981
0.63023900,3.79140172,0.10141068,3.68999104
0.63073800,3.79091259,0.10119252,3.68972007
0.63123700,3.79042484,0.10097800,3.68944684
0.63173600,3.78993846,0.10076712,3.68917135
0.63223500,3.78945344,0.10055988,3.68889356
0.63273400,3.78896974,0.10035628,3.68861346
0.63323300,3.78848735,0.10015632,3.68833103
0.63373200,3.78800625,0.09995999,3.68804626
0.63423100,3.78752642,0.09976728,3.68775915
0.63473000,3.78704785,0.09957818,3.68746967
0.63522900,3.78657051,0.09939267,3.68717785
0.63572800,3.78609439,0.09921074,3.68688366
0.63622700,3.78561947,0.09903236,3.68658712
0.63672600,3.78514574,0.09885751,3.68628823
0.63722500,3.78467316,0.09868617,3.68598700
0.63772400,3.78420173,0.09851830,3.68568343
0.63822300,3.78373143,0.09835388,3.68537755
0.63872200,3.78326225,0.09819288,3.68506937
0.63922100,3.78279415,0.09803526,3.68475889
0.63972000,3.78232714,0.09788099,3.68444615
0.64021900,3.78186119,0.09773003,3.68413116
0.64071800,3.78139629,0.09758234,3.68381394
0.64121700,3.78093241,0.09743789,3.68349452
0.64171600,3.78046955,0.09729663,3.68317292
0.64221500,3.78000769,0.09715853,3.68284916
0.64271400,3.77954681,0.09702353,3.68252328
0.64321300,3.77908690,0.09689159,3.68219531
0.64371200,3.77862794,0.09676268,3.68186526
0.64421100,3.77816992,0.09663674,3.68153317
0.64471000,3.77771282,0.09651374,3.68119908
0.64520900,3.77725663,0.09639361,3.68086302
0.64570800,3.77680133,0.09627633,3.68052501
0.64620700,3.77634692,0.09616183,3.68018509
0.64670600,3.77589337,0.09605008,3.67984329
0.64720500,3.77544067,0.09594102,3.67949965
0.64770400,3.77498881,0.09583461,3.67915420
0.64820300,3.77453777,0.09573080,3.67880698
0.64870200,3.77408755,0.09562953,3.67845802
0.64920100,3.77363813,0.09553078,3.67810735
0.64970000,3.77318949,0.09543447,3.67775501
0.65019900,3.77274162,0.09534058,3.67740104
0.65069800,3.77229452,0.09524905,3.67704547
0.65119700,3.77184816,0.09515983,3.67668834
0.65169600,3.77140255,0.09507287,3.67632967
0.65219500,3.77095765,0.09498814,3.67596951
0.65269400,3.77051347,0.09490558,3.67560789
0.65319300,3.77006998,0.09482514,3.67524484
0.65369200,3.76962719,0.09474679,3.67488040
0.65419100,3.76918508,0.09467048,3.67451460
0.65469000,3.76874363,0.09459615,3.67414747
0.65518900,3.76830284,0.09452378,3.67377906
0.65568800,3.76786269,0.09445331,3.67340938
0.65618700,3.76742317,0.09438470,3.67303847
0.65668600,3.76698428,0.09431791,3.67266637
0.65718500,3.76654601,0.09425290,3.67229311
0.65768400,3.76610833,0.09418963,3.67191871
0.65818300,3.76567125,0.09412805,3.67154320
0.65868200,3.76523476,0.09406813,3.67116663
0.65918100,3.76479883,0.09400982,3.67078901
0.65968000,3.76436347,0.09395309,3.67041038
0.66017900,3.76392867,0.09389790,3.67003076
0.66067800,3.76349441,0.09384422,3.66965019
0.66117700,3.76306068,0.09379200,3.66926869
0.66167600,3.76262748,0.09374120,3.66888628
0.66217500,3.76219480,0.09369181,3.66850300
0.66267400,3.76176263,0.09364377,3.66811886
0.66317300,3.76133096,0.09359706,3.66773391
0.66367200,3.76089978,0.09355163,3.66734815
0.66417100,3.76046909,0.09350747,3.66696162
0.66467000,3.76003887,0.09346454,3.66657433
0.66516900,3.75960911,0.09342280,3.66618632
0.66566800,3.75917982,0.09338222,3.66579760
0.66616700,3.75875098,0.09334278,3.66540820
0.66666600,3.75832258,0.09330445,3.66501814
0.66716500,3.75789462,0.09326719,3.66462744
0.66766400,3.75746709,0.09323098,3.66423611
0.66816300,3.75703998,0.09319578,3.66384419
0.66866200,3.75661328,0.09316159,3.66345169
0.66916100,3.75618699,0.09312836,3.66305863
0.66966000,3.75576110,0.09309607,3.66266503
0.67015900,3.75533560,0.09306470,3.66227091
0.67065800,3.75491049,0.09303421,3.66187628
0.67115700,3.75448576,0.09300460,3.66148116
0.67165600,3.75406140,0.09297583,3.66108557
0.67215500,3.75363741,0.09294788,3.66068953
0.67265400,3.75321378,0.09292074,3.66029305
0.67315300,3.75279051,0.09289436,3.65989614
0.67365200,3.75236758,0.09286875,3.65949883
0.67415100,3.75194499,0.09284387,3.65910112
0.67465000,3.75152274,0.09281970,3.65870304
0.67514900,3.75110082,0.09279623,3.65830459
0.67564800,3.75067922,0.09277344,3.65790579
0.67614700,3.75025795,0.09275130,3.65750665
0.67664600,3.74983698,0.09272980,3.65710718
0.67714500,3.74941632,0.09270893,3.65670740
0.67764400,3.74899597,0.09268865,3.65630732
0.67814300,3.74857591,0.09266897,3.65590695
0.67864200,3.74815615,0.09264985,3.65550630
0.67914100,3.74773667,0.09263129,3.65510538
0.67964000,3.74731747,0.09261327,3.65470420
0.68013900,3.74689855,0.09259577,3.65430278
0.68063800,3.74647991,0.09257878,3.65390112
0.68113700,3.74606152,0.09256229,3.65349923
0.68163600,3.74564341,0.09254628,3.65309713
0.68213500,3.74522555,0.09253073,3.65269481
0.68263400,3.74480794,0.09251564,3.65229230
0.68313300,3.74439058,0.09250099,3.65188959
0.68363200,3.74397347,0.09248676,3.65148670
0.68413100,3.74355659,0.09247296,3.65108364
0.68463000,3.74313996,0.09245955,3.65068040
0.68512900,3.74272355,0.09244654,3.65027701
0.68562800,3.74230737,0.09243391,3.64987346
0.68612700,3.74189142,0.09242165,3.64946976
0.68662600,3.74147568,0.09240976,3.64906593
0.68712500,3.74106016,0.09239821,3.64866196
0.68762400,3.74064486,0.09238699,3.64825786
0.68812300,3.74022976,0.09237611,3.64785365
0.68862200,3.73981487,0.09236555,3.64744931
0.68912100,3.73940017,0.09235530,3.64704487
0.68962000,3.73898568,0.09234535,3.64664032
0.69011900,3.73857138,0.09233570,3.64623568
0.69061800,3.73815726,0.09232633,3.64583094
0.69111700,3.73774334,0.09231723,3.64542611
0.69161600,3.73732960,0.09230840,3.64502120
0.69211500,3.73691604,0.09229984,3.64461620
0.69261400,3.73650266,0.09229152,3.64421113
0.69311300,3.73608945,0.09228346,3.64380599
0.69361200,3.73567641,0.09227563,3.64340079
0.69411100,3.73526354,0.09226803,3.64299552
0.69461000,3.73485084,0.09226065,3.64259019
0.69510900,3.73443830,0.09225350,3.64218480
0.69560800,3.73402591,0.09224655,3.64177936
0.69610700,3.73361369,0.09223981,3.64137387
0.69660600,3.73320161,0.09223328,3.64096834
0.69710500,3.73278969,0.09222693,3.64056276
0.69760400,3.73237792,0.09222077,3.64015715
0.69810300,3.73196629,0.09221480,3.63975149
0.69860200,3.73155480,0.09220900,3.63934581
0.69910100,3.73114346,0.09220337,3.63894009
0.69960000,3.73073225,0.09219791,3.63853434
0.70009900,3.73032118,0.09219262,3.63812856
0.70059800,3.72991024,0.09218748,3.63772276
0.70109700,3.72949943,0.09218249,3.63731694
0.70159600,3.72908875,0.09217765,3.63691110
0.70209500,3.72867820,0.09217295,3.63650525
0.70259400,3.72826777,0.09216840,3.63609937
0.70309300,3.72785746,0.09216397,3.63569348
0.70359200,3.72744727,0.09215968,3.63528758
0.70409100,3.72703720,0.09215552,3.63488167
0.70459000,3.72662724,0.09215148,3.63447575
0.70508900,3.72621739,0.09214756,3.63406983
0.70558800,3.72580766,0.09214376,3.63366390
0.70608700,3.72539803,0.09214007,3.63325796
0.70658600,3.72498852,0.09213649,3.63285202
0.70708500,3.72457910,0.09213302,3.63244608
0.70758400,3.72416980,0.09212965,3.63204014
0.70808300,3.72376059,0.09212638,3.63163421
0.70858200,3.72335148,0.09212321,3.63122827
0.70908100,3.72294247,0.09212013,3.63082234
0.70958000,3.72253355,0.09211715,3.63041641
0.71007900,3.72212473,0.09211425,3.63001049
0.71057800,3.72171601,0.09211144,3.62960457
0.71107700,3.72130737,0.09210871,3.62919866
0.71157600,3.72089882,0.09210606,3.62879276
0.71207500,3.72049036,0.09210350,3.62838687
0.71257400,3.72008199,0.09210101,3.62798098
0.71307300,3.71967370,0.09209859,3.62757511
0.71357200,3.71926549,0.09209624,3.62716925
0.71407100,3.71885737,0.09209397,3.62676340
0.71457000,3.71844932,0.09209176,3.62635756
0.71506900,3.71804136,0.09208962,3.62595174
0.71556800,3.71763347,0.09208755,3.62554593
0.71606700,3.71722566,0.09208553,3.62514013
0.71656600,3.71681792,0.09208357,3.62473435
0.71706500,3.71641025,0.09208168,3.62432858
0.71756400,3.71600266,0.09207984,3.62392282
0.71806300,3.71559514,0.09207805,3.62351709
0.71856200,3.71518769,0.09207632,3.62311137
0.71906100,3.71478030,0.09207464,3.62270566
0.71956000,3.71437298,0.09207301,3.62229997
0.72005900,3.71396573,0.09207143,3.62189430
0.72055800,3.71355854,0.09206989,3.62148865
0.72105700,3.71315141,0.09206840,3.62108301
0.72155600,3.71274435,0.09206696,3.62067739
0.72205500,3.71233735,0.09206556,3.62027179
0.72255400,3.71193040,0.09206420,3.61986621
0.72305300,3.71152352,0.09206288,3.61946064
0.72355200,3.71111670,0.09206160,3.61905510
0.72405100,3.71070993,0.09206036,3.61864957
0.72455000,3.71030321,0.09205915,3.61824406
0.72504900,3.70989655,0.09205798,3.61783857
0.72554800,3.70948995,0.09205685,3.61743310
0.72604700,3.70908339,0.09205575,3.61702764
0.72654600,3.70867689,0.09205468,3.61662221
0.72704500,3.70827044,0.09205365,3.61621680
0.72754400,3.70786404,0.09205264,3.61581140
0.72804300,3.70745769,0.09205167,3.61540602
0.72854200,3.70705139,0.09205073,3.61500066
0.72904100,3.70664513,0.09204981,3.61459533
0.72954000,3.70623892,0.09204892,3.61419001
0.73003900,3.70583276,0.09204806,3.61378470
0.73053800,3.70542664,0.09204722,3.61337942
0.73103700,3.70502057,0.09204641,3.61297416
0.73153600,3.70461453,0.09204562,3.61256892
0.73203500,3.70420854,0.09204485,3.61216369
0.73253400,3.70380260,0.09204411,3.61175848
0.73303300,3.70339669,0.09204339,3.61135330
0.73353200,3.70299082,0.09204269,3.61094813
0.73403100,3.70258499,0.09204202,3.61054298
0.73453000,3.70217920,0.09204136,3.61013784
0.73502900,3.70177345,0.09204072,3.60973273
0.73552800,3.70136774,0.09204010,3.60932763
0.73602700,3.70096206,0.09203951,3.60892256
0.73652600,3.70055642,0.09203892,3.60851750
0.73702500,3.70015081,0.09203836,3.60811246
0.73752400,3.69974524,0.09203781,3.60770743
0.73802300,3.69933970,0.09203728,3.60730243
0.73852200,3.69893420,0.09203676,3.60689744
0.73902100,3.69852873,0.09203626,3.60649247
0.73952000,3.69812329,0.09203578,3.60608751
0.74001900,3.69771788,0.09203531,3.60568257
0.74051800,3.69731251,0.09203485,3.60527766
0.74101700,3.69690716,0.09203441,3.60487275
0.74151600,3.69650184,0.09203398,3.60446787
0.74201500,3.69609656,0.09203356,3.60406300
0.74251400,3.69569130,0.09203316,3.60365814
0.74301300,3.69528607,0.09203277,3.60325331
0.74351200,3.69488087,0.09203238,3.60284849
0.74401100,3.69447570,0.09203202,3.60244368
0.74451000,3.69407055,0.09203166,3.60203889
0.74500900,3.69366543,0.09203131,3.60163412
0.74550800,3.69326033,0.09203097,3.60122936
0.74600700,3.69285526,0.09203065,3.60082462
0.74650600,3.69245022,0.09203033,3.60041989
0.74700500,3.69204520,0.09203002,3.60001518
0.74750400,3.69164020,0.09202972,3.59961048
0.74800300,3.69123523,0.09202943,3.59920580
0.74850200,3.69083028,0.09202915,3.59880113
0.74900100,3.69042535,0.09202888,3.59839648
0.74950000,3.69002045,0.09202861,3.59799184
0.74999900,3.68961557,0.09202836,3.59758721
0.75049800,3.68921071,0.09202811,3.59718260
0.75099700,3.68880587,0.09202787,3.59677800
0.75149600,3.68840105,0.09202763,3.59637342
0.75199500,3.68799625,0.09202740,3.59596884
0.75249400,3.68759147,0.09202718,3.59556429
0.75299300,3.68718671,0.09202697,3.59515974
0.75349200,3.68678197,0.09202676,3.59475521
0.75399100,3.68637725,0.09202656,3.59435069
0.75449000,3.68597255,0.09202636,3.59394618
0.75498900,3.68556787,0.09202618,3.59354169
0.75548800,3.68516320,0.09202599,3.59313721
0.75598700,3.68475855,0.09202581,3.59273274
0.75648600,3.68435392,0.09202564,3.59232828
0.75698500,3.68394931,0.09202547,3.59192384
0.75748400,3.68354471,0.09202531,3.59151940
0.75798300,3.68314013,0.09202515,3.59111498
0.75848200,3.68273557,0.09202500,3.59071057
0.75898100,3.68233102,0.09202485,3.59030617
0.75948000,3.68192648,0.09202470,3.58990178
0.75997900,3.68152197,0.09202456,3.58949740
0.76047800,3.68111746,0.09202443,3.58909304
0.76097700,3.68071298,0.09202430,3.58868868
0.76147600,3.68030850,0.09202417,3.58828433
0.76197500,3.67990404,0.09202405,3.58788000
0.76247400,3.67949960,0.09202392,3.58747567
0.76297300,3.67909516,0.09202381,3.58707136
0.76347200,3.67869075,0.09202369,3.58666705
0.76397100,3.67828634,0.09202358,3.58626276
0.76447000,3.67788195,0.09202348,3.58585847
0.76496900,3.67747757,0.09202337,3.58545419
0.76546800,3.67707320,0.09202327,3.58504993
0.76596700,3.67666884,0.09202318,3.58464567
0.76646600,3.67626450,0.09202308,3.58424142
0.76696500,3.67586017,0.09202299,3.58383718
0.76746400,3.67545585,0.09202290,3.58343295
0.76796300,3.67505154,0.09202282,3.58302873
0.76846200,3.67464724,0.09202273,3.58262451
0.76896100,3.67424296,0.09202265,3.58222031
0.76946000,3.67383868,0.09202257,3.58181611
0.76995900,3.67343442,0.09202250,3.58141192
0.77045800,3.67303016,0.09202242,3.58100774
0.77095700,3.67262592,0.09202235,3.58060357
0.77145600,3.67222168,0.09202228,3.58019940
0.77195500,3.67181746,0.09202221,3.57979525
0.77245400,3.67141324,0.09202215,3.57939110
0.77295300,3.67100904,0.09202208,3.57898696
0.77345200,3.67060484,0.09202202,3.57858282
0.77395100,3.67020065,0.09202196,3.57817869
0.77445000,3.66979648,0.09202190,3.57777457
0.77494900,3.66939231,0.09202185,3.57737046
0.77544800,3.66898815,0.09202179,3.57696635
0.77594700,3.66858399,0.09202174,3.57656226
0.77644600,3.66817985,0.09202169,3.57615816
0.77694500,3.66777571,0.09202164,3.57575408
0.77744400,3.66737159,0.09202159,3.57535000
0.77794300,3.66696747,0.09202154,3.57494593
0.77844200,3.66656336,0.09202150,3.57454186
0.77894100,3.66615925,0.09202145,3.57413780
0.77944000,3.66575515,0.09202141,3.57373375
0.77993900,3.66535106,0.09202137,3.57332970
0.78043800,3.66494698,0.09202133,3.57292566
0.78093700,3.66454291,0.09202129,3.57252162
0.78143600,3.66413884,0.09202125,3.57211759
0.78193500,3.66373478,0.09202121,3.57171357
0.78243400,3.66333072,0.09202118,3.57130955
0.78293300,3.66292667,0.09202114,3.57090553
0.78343200,3.66252263,0.09202111,3.57050152
0.78393100,3.66211860,0.09202107,3.57009752
0.78443000,3.66171457,0.09202104,3.56969352
0.78492900,3.66131054,0.09202101,3.56928953
0.78542800,3.66090653,0.09202098,3.56888554
0.78592700,3.66050252,0.09202095,3.56848156
0.78642600,3.66009851,0.09202092,3.56807759
0.78692500,3.65969451,0.09202090,3.56767361
0.78742400,3.65929052,0.09202087,3.56726964
0.78792300,3.65888653,0.09202085,3.56686568
0.78842200,3.65848254,0.09202082,3.56646172
0.78892100,3.65807857,0.09202080,3.56605777
0.78942000,3.65767459,0.09202077,3.56565382
0.78991900,3.65727062,0.09202075,3.56524988
0.79041800,3.65686666,0.09202073,3.56484593
0.79091700,3.65646270,0.09202071,3.56444200
0.79141600,3.65605875,0.09202069,3.56403807
0.79191500,3.65565480,0.09202067,3.56363414
0.79241400,3.65525086,0.09202065,3.56323021
0.79291300,3.65484692,0.09202063,3.56282629
0.79341200,3.65444299,0.09202061,3.56242238
0.79391100,3.65403905,0.09202059,3.56201846
0.79441000,3.65363513,0.09202057,3.56161456
0.79490900,3.65323121,0.09202056,3.56121065
0.79540800,3.65282729,0.09202054,3.56080675
0.79590700,3.65242338,0.09202052,3.56040285
0.79640600,3.65201947,0.09202051,3.55999896
0.79690500,3.65161556,0.09202049,3.55959507
0.79740400,3.65121166,0.09202048,3.55919118
0.79790300,3.65080776,0.09202046,3.55878730
0.79840200,3.65040387,0.09202045,3.55838342
0.79890100,3.64999998,0.09202044,3.55797954
0.79940000,3.64959609,0.09202042,3.55757567
0.79989900,3.64919221,0.09202041,3.55717179
0.80039800,3.64878833,0.09202040,3.55676793
0.80089700,3.64838445,0.09202039,3.55636406
0.80139600,3.64798058,0.09202038,3.55596020
0.80189500,3.64757671,0.09202037,3.55555634
0.80239400,3.64717284,0.09202036,3.55515249
0.80289300,3.64676898,0.09202034,3.55474863
0.80339200,3.64636512,0.09202033,3.55434478
0.80389100,3.64596126,0.09202032,3.55394094
0.80439000,3.64555741,0.09202032,3.55353709
0.80488900,3.64515355,0.09202031,3.55313325
0.80538800,3.64474971,0.09202030,3.55272941
0.80588700,3.64434586,0.09202029,3.55232557
0.80638600,3.64394202,0.09202028,3.55192174
0.80688500,3.64353818,0.09202027,3.55151791
0.80738400,3.64313434,0.09202026,3.55111408
0.80788300,3.64273051,0.09202026,3.55071025
0.80838200,3.64232667,0.09202025,3.55030642
0.80888100,3.64192284,0.09202024,3.54990260
0.80938000,3.64151902,0.09202023,3.54949878
0.80987900,3.64111519,0.09202023,3.54909496
0.81037800,3.64071137,0.09202022,3.54869115
0.81087700,3.64030755,0.09202021,3.54828734
0.81137600,3.63990373,0.09202021,3.54788352
0.81187500,3.63949992,0.09202020,3.54747972
0.81237400,3.63909610,0.09202020,3.54707591
0.81287300,3.63869229,0.09202019,3.54667210
0.81337200,3.63828848,0.09202018,3.54626830
0.81387100,3.63788468,0.09202018,3.54586450
0.81437000,3.63748087,0.09202017,3.54546070
0.81486900,3.63707707,0.09202017,3.54505690
0.81536800,3.63667327,0.09202016,3.54465311
0.81586700,3.63626947,0.09202016,3.54424931
0.81636600,3.63586568,0.09202015,3.54384552
0.81686500,3.63546188,0.09202015,3.54344173
0.81736400,3.63505809,0.09202015,3.54303794
0.81786300,3.63465430,0.09202014,3.54263416
0.81836200,3.63425051,0.09202014,3.54223037
0.81886100,3.63384672,0.09202013,3.54182659
0.81936000,3.63344294,0.09202013,3.54142281
0.81985900,3.63303915,0.09202013,3.54101903
0.82035800,3.63263537,0.09202012,3.54061525
0.82085700,3.63223159,0.09202012,3.54021147
0.82135600,3.63182781,0.09202012,3.53980769
0.82185500,3.63142403,0.09202011,3.53940392
0.82235400,3.63102026,0.09202011,3.53900015
0.82285300,3.63061648,0.09202011,3.53859638
0.82335200,3.63021271,0.09202010,3.53819261
0.82385100,3.62980894,0.09202010,3.53778884
0.82435000,3.62940517,0.09202010,3.53738507
0.82484900,3.62900140,0.09202009,3.53698131
0.82534800,3.62859763,0.09202009,3.53657754
0.82584700,3.62819387,0.09202009,3.53617378
0.82634600,3.62779010,0.09202009,3.53577002
0.82684500,3.62738634,0.09202008,3.53536626
0.82734400,3.62698258,0.09202008,3.53496250
0.82784300,3.62657882,0.09202008,3.53455874
0.82834200,3.62617506,0.09202008,3.53415498
0.82884100,3.62577130,0.09202007,3.53375123
0.82934000,3.62536754,0.09202007,3.53334747
0.82983900,3.62496379,0.09202007,3.53294372
0.83033800,3.62456003,0.09202007,3.53253997
0.83083700,3.62415628,0.09202007,3.53213621
0.83133600,3.62375253,0.09202006,3.53173246
0.83183500,3.62334878,0.09202006,3.53132871
0.83233400,3.62294503,0.09202006,3.53092497
0.83283300,3.62254128,0.09202006,3.53052122
0.83333200,3.62213753,0.09202006,3.53011747
0.83383100,3.62173378,0.09202006,3.52971373
0.83433000,3.62133004,0.09202005,3.52930998
0.83482900,3.62092629,0.09202005,3.52890624
0.83532800,3.62052255,0.09202005,3.52850250
0.83582700,3.62011881,0.09202005,3.52809876
0.83632600,3.61971506,0.09202005,3.52769502
0.83682500,3.61931132,0.09202005,3.52729128
0.83732400,3.61890758,0.09202005,3.52688754
0.83782300,3.61850384,0.09202004,3.52648380
0.83832200,3.61810010,0.09202004,3.52608006
0.83882100,3.61769637,0.09202004,3.52567632
0.83932000,3.61729263,0.09202004,3.52527259
0.83981900,3.61688889,0.09202004,3.52486885
0.84031800,3.61648516,0.09202004,3.52446512
0.84081700,3.61608142,0.09202004,3.52406139
0.84131600,3.61567769,0.09202004,3.52365765
0.84181500,3.61527396,0.09202004,3.52325392
0.84231400,3.61487023,0.09202003,3.52285019
0.84281300,3.61446649,0.09202003,3.52244646
0.84331200,3.61406276,0.09202003,3.52204273
0.84381100,3.61365903,0.09202003,3.52163900
0.84431000,3.61325531,0.09202003,3.52123527
0.84480900,3.61285158,0.09202003,3.52083155
0.84530800,3.61244785,0.09202003,3.52042782
0.84580700,3.61204412,0.09202003,3.52002409
0.84630600,3.61164040,0.09202003,3.51962037
0.84680500,3.61123667,0.09202003,3.51921664
0.84730400,3.61083294,0.09202003,3.51881292
0.84780300,3.61042922,0.09202003,3.51840919
0.84830200,3.61002550,0.09202002,3.51800547
0.84880100,3.60962177,0.09202002,3.51760175
0.84930000,3.60921805,0.09202002,3.51719803
0.84979900,3.60881433,0.09202002,3.51679430
0.85029800,3.60841061,0.09202002,3.51639058
0.85079700,3.60800688,0.09202002,3.51598686
0.85129600,3.60760316,0.09202002,3.51558314
0.85179500,3.60719944,0.09202002,3.51517942
0.85229400,3.60679572,0.09202002,3.51477570
0.85279300,3.60639200,0.09202002,3.51437199
0.85329200,3.60598829,0.09202002,3.51396827
0.85379100,3.60558457,0.09202002,3.51356455
0.85429000,3.60518085,0.09202002,3.51316083
0.85478900,3.60477713,0.09202002,3.51275712
0.85528800,3.60437342,0.09202002,3.51235340
0.85578700,3.60396970,0.09202002,3.51194968
0.85628600,3.60356598,0.09202002,3.51154597
0.85678500,3.60316227,0.09202002,3.51114225
0.85728400,3.60275855,0.09202001,3.51073854
0.85778300,3.60235484,0.09202001,3.51033483
0.85828200,3.60195113,0.09202001,3.50993111
0.85878100,3.60154741,0.09202001,3.50952740
0.85928000,3.60114370,0.09202001,3.50912369
0.85977900,3.60073999,0.09202001,3.50871997
0.86027800,3.60033627,0.09202001,3.50831626
0.86077700,3.59993256,0.09202001,3.50791255
0.86127600,3.59952885,0.09202001,3.50750884
0.86177500,3.59912514,0.09202001,3.50710513
0.86227400,3.59872143,0.09202001,3.50670142
0.86277300,3.59831772,0.09202001,3.50629771
0.86327200,3.59791401,0.09202001,3.50589400
0.86377100,3.59751030,0.09202001,3.50549029
0.86427000,3.59710659,0.09202001,3.50508658
0.86476900,3.59670288,0.09202001,3.50468287
0.86526800,3.59629917,0.09202001,3.50427916
0.86576700,3.59589546,0.09202001,3.50387545
0.86626600,3.59549175,0.09202001,3.50347174
0.86676500,3.59508805,0.09202001,3.50306804
0.86726400,3.59468434,0.09202001,3.50266433
0.86776300,3.59428063,0.09202001,3.50226062
0.86826200,3.59387692,0.09202001,3.50185692
0.86876100,3.59347322,0.09202001,3.50145321
0.86926000,3.59306951,0.09202001,3.50104950
0.86975900,3.59266580,0.09202001,3.50064580
0.87025800,3.59226210,0.09202001,3.50024209
0.87075700,3.59185839,0.09202001,3.49983839
0.87125600,3.59145469,0.09202001,3.49943468
0.87175500,3.59105098,0.09202001,3.49903098
0.87225400,3.59064728,0.09202001,3.49862727
0.87275300,3.59024357,0.09202001,3.49822357
0.87325200,3.58983987,0.09202001,3.49781986
0.87375100,3.58943616,0.09202001,3.49741616
0.87425000,3.58903246,0.09202001,3.49701245
0.87474900,3.58862876,0.09202001,3.49660875
0.87524800,3.58822505,0.09202001,3.49620505
0.87574700,3.58782135,0.09202001,3.49580134
0.87624600,3.58741765,0.09202001,3.49539764
0.87674500,3.58701394,0.09202001,3.49499394
0.87724400,3.58661024,0.09202001,3.49459024
0.87774300,3.58620654,0.09202000,3.49418653
0.87824200,3.58580284,0.09202000,3.49378283
0.87874100,3.58539914,0.09202000,3.49337913
0.87924000,3.58499543,0.09202000,3.49297543
0.87973900,3.58459173,0.09202000,3.49257173
0.88023800,3.58418803,0.09202000,3.49216803
0.88073700,3.58378433,0.09202000,3.49176433
0.88123600,3.58338063,0.09202000,3.49136062
0.88173500,3.58297693,0.09202000,3.49095692
0.88223400,3.58257323,0.09202000,3.49055322
0.88273300,3.58216953,0.09202000,3.49014952
0.88323200,3.58176583,0.09202000,3.48974582
0.88373100,3.58136213,0.09202000,3.48934212
0.88423000,3.58095843,0.09202000,3.48893842
0.88472900,3.58055473,0.09202000,3.48853472
0.88522800,3.58015103,0.09202000,3.48813102
0.88572700,3.57974733,0.09202000,3.48772732
0.88622600,3.57934363,0.09202000,3.48732362
0.88672500,3.57893993,0.09202000,3.48691993
0.88722400,3.57853623,0.09202000,3.48651623
0.88772300,3.57813253,0.09202000,3.48611253
0.88822200,3.57772883,0.09202000,3.48570883
0.88872100,3.57732513,0.09202000,3.48530513
0.88922000,3.57692143,0.09202000,3.48490143
0.88971900,3.57651774,0.09202000,3.48449773
0.89021800,3.57611404,0.09202000,3.48409404
0.89071700,3.57571034,0.09202000,3.48369034
0.89121600,3.57530664,0.09202000,3.48328664
0.89171500,3.57490294,0.09202000,3.48288294
0.89221400,3.57449925,0.09202000,3.48247924
0.89271300,3.57409555,0.09202000,3.48207555
0.89321200,3.57369185,0.09202000,3.48167185
0.89371100,3.57328815,0.09202000,3.48126815
0.89421000,3.57288446,0.09202000,3.48086445
0.89470900,3.57248076,0.09202000,3.48046076
0.89520800,3.57207706,0.09202000,3.48005706
0.89570700,3.57167337,0.09202000,3.47965336
0.89620600,3.57126967,0.09202000,3.47924967
0.89670500,3.57086597,0.09202000,3.47884597
0.89720400,3.57046228,0.09202000,3.47844227
0.89770300,3.57005858,0.09202000,3.47803858
0.89820200,3.56965488,0.09202000,3.47763488
0.89870100,3.56925119,0.09202000,3.47723118
0.89920000,3.56884749,0.09202000,3.47682749
0.89969900,3.56844379,0.09202000,3.47642379
0.90019800,3.56804010,0.09202000,3.47602010
0.90069700,3.56763640,0.09202000,3.47561640
0.90119600,3.56723271,0.09202000,3.47521270
0.90169500,3.56682901,0.09202000,3.47480901
0.90219400,3.56642531,0.09202000,3.47440531
0.90269300,3.56602162,0.09202000,3.47400162
0.90319200,3.56561792,0.09202000,3.47359792
0.90369100,3.56521423,0.09202000,3.47319423
0.90419000,3.56481053,0.09202000,3.47279053
0.90468900,3.56440684,0.09202000,3.47238684
0.90518800,3.56400314,0.09202000,3.47198314
0.90568700,3.56359945,0.09202000,3.47157945
0.90618600,3.56319575,0.09202000,3.47117575
0.90668500,3.56279206,0.09202000,3.47077206
0.90718400,3.56238836,0.09202000,3.47036836
0.90768300,3.56198467,0.09202000,3.46996467
0.90818200,3.56158097,0.09202000,3.46956097
0.90868100,3.56117728,0.09202000,3.46915728
0.90918000,3.56077358,0.09202000,3.46875358
0.90967900,3.56036989,0.09202000,3.46834989
0.91017800,3.55996619,0.09202000,3.46794619
0.91067700,3.55956250,0.09202000,3.46754250
0.91117600,3.55915880,0.09202000,3.46713880
0.91167500,3.55875511,0.09202000,3.46673511
0.91217400,3.55835142,0.09202000,3.46633142
0.91267300,3.55794772,0.09202000,3.46592772
0.91317200,3.55754403,0.09202000,3.46552403
0.91367100,3.55714033,0.09202000,3.46512033
0.91417000,3.55673664,0.09202000,3.46471664
0.91466900,3.55633295,0.09202000,3.46431294
0.91516800,3.55592925,0.09202000,3.46390925
0.91566700,3.55552556,0.09202000,3.46350556
0.91616600,3.55512186,0.09202000,3.46310186
0.91666500,3.55471817,0.09202000,3.46269817
0.91716400,3.55431448,0.09202000,3.46229448
0.91766300,3.55391078,0.09202000,3.46189078
0.91816200,3.55350709,0.09202000,3.46148709
0.91866100,3.55310340,0.09202000,3.46108339
0.91916000,3.55269970,0.09202000,3.46067970
0.91965900,3.55229601,0.09202000,3.46027601
0.92015800,3.55189231,0.09202000,3.45987231
0.92065700,3.55148862,0.09202000,3.45946862
0.92115600,3.55108493,0.09202000,3.45906493
0.92165500,3.55068123,0.09202000,3.45866123
0.92215400,3.55027754,0.09202000,3.45825754
0.92265300,3.54987385,0.09202000,3.45785385
0.92315200,3.54947015,0.09202000,3.45745015
0.92365100,3.54906646,0.09202000,3.45704646
0.92415000,3.54866277,0.09202000,3.45664277
0.92464900,3.54825908,0.09202000,3.45623907
0.92514800,3.54785538,0.09202000,3.45583538
0.92564700,3.54745169,0.09202000,3.45543169
0.92614600,3.54704800,0.09202000,3.45502800
0.92664500,3.54664430,0.09202000,3.45462430
0.92714400,3.54624061,0.09202000,3.45422061
0.92764300,3.54583692,0.09202000,3.45381692
0.92814200,3.54543322,0.09202000,3.45341322
0.92864100,3.54502953,0.09202000,3.45300953
0.92914000,3.54462584,0.09202000,3.45260584
0.92963900,3.54422215,0.09202000,3.45220215
0.93013800,3.54381845,0.09202000,3.45179845
0.93063700,3.54341476,0.09202000,3.45139476
0.93113600,3.54301107,0.09202000,3.45099107
0.93163500,3.54260738,0.09202000,3.45058738
0.93213400,3.54220368,0.09202000,3.45018368
0.93263300,3.54179999,0.09202000,3.44977999
0.93313200,3.54139630,0.09202000,3.44937630
0.93363100,3.54099261,0.09202000,3.44897261
0.93413000,3.54058891,0.09202000,3.44856891
0.93462900,3.54018522,0.09202000,3.44816522
0.93512800,3.53978153,0.09202000,3.44776153
0.93562700,3.53937784,0.09202000,3.44735784
0.93612600,3.53897414,0.09202000,3.44695414
0.93662500,3.53857045,0.09202000,3.44655045
0.93712400,3.53816676,0.09202000,3.44614676
0.93762300,3.53776307,0.09202000,3.44574307
0.93812200,3.53735937,0.09202000,3.44533937
0.93862100,3.53695568,0.09202000,3.44493568
0.93912000,3.53655199,0.09202000,3.44453199
0.93961900,3.53614830,0.09202000,3.44412830
0.94011800,3.53574461,0.09202000,3.44372460
0.94061700,3.53534091,0.09202000,3.44332091
0.94111600,3.53493722,0.09202000,3.44291722
0.94161500,3.53453353,0.09202000,3.44251353
0.94211400,3.53412984,0.09202000,3.44210984
0.94261300,3.53372614,0.09202000,3.44170614
0.94311200,3.53332245,0.09202000,3.44130245
0.94361100,3.53291876,0.09202000,3.44089876
0.94411000,3.53251507,0.09202000,3.44049507
0.94460900,3.53211138,0.09202000,3.44009138
0.94510800,3.53170768,0.09202000,3.43968768
0.94560700,3.53130399,0.09202000,3.43928399
0.94610600,3.53090030,0.09202000,3.43888030
0.94660500,3.53049661,0.09202000,3.43847661
0.94710400,3.53009292,0.09202000,3.43807292
0.94760300,3.52968922,0.09202000,3.43766922
0.94810200,3.52928553,0.09202000,3.43726553
0.94860100,3.52888184,0.09202000,3.43686184
0.94910000,3.52847815,0.09202000,3.43645815
0.94959900,3.52807446,0.09202000,3.43605446
0.95009800,3.52767077,0.09202000,3.43565076
0.95059700,3.52726707,0.09202000,3.43524707
0.95109600,3.52686338,0.09202000,3.43484338
0.95159500,3.52645969,0.09202000,3.43443969
0.95209400,3.52605600,0.09202000,3.43403600
0.95259300,3.52565231,0.09202000,3.43363231
0.95309200,3.52524861,0.09202000,3.43322861
0.95359100,3.52484492,0.09202000,3.43282492
0.95409000,3.52444123,0.09202000,3.43242123
0.95458900,3.52403754,0.09202000,3.43201754
0.95508800,3.52363385,0.09202000,3.43161385
0.95558700,3.52323016,0.09202000,3.43121016
0.95608600,3.52282646,0.09202000,3.43080646
0.95658500,3.52242277,0.09202000,3.43040277
0.95708400,3.52201908,0.09202000,3.42999908
0.95758300,3.52161539,0.09202000,3.42959539
0.95808200,3.52121170,0.09202000,3.42919170
0.95858100,3.52080801,0.09202000,3.42878801
0.95908000,3.52040431,0.09202000,3.42838431
0.95957900,3.52000062,0.09202000,3.42798062
0.96007800,3.51959693,0.09202000,3.42757693
0.96057700,3.51919324,0.09202000,3.42717324
0.96107600,3.51878955,0.09202000,3.42676955
0.96157500,3.51838586,0.09202000,3.42636586
0.96207400,3.51798216,0.09202000,3.42596216
0.96257300,3.51757847,0.09202000,3.42555847
0.96307200,3.51717478,0.09202000,3.42515478
0.96357100,3.51677109,0.09202000,3.42475109
0.96407000,3.51636740,0.09202000,3.42434740
0.96456900,3.51596371,0.09202000,3.42394371
0.96506800,3.51556002,0.09202000,3.42354002
0.96556700,3.51515632,0.09202000,3.42313632
0.96606600,3.51475263,0.09202000,3.42273263
0.96656500,3.51434894,0.09202000,3.42232894
0.96706400,3.51394525,0.09202000,3.42192525
0.96756300,3.51354156,0.09202000,3.42152156
0.96806200,3.51313787,0.09202000,3.42111787
0.96856100,3.51273418,0.09202000,3.42071418
0.96906000,3.51233048,0.09202000,3.42031048
0.96955900,3.51192679,0.09202000,3.41990679
0.97005800,3.51152310,0.09202000,3.41950310
0.97055700,3.51111941,0.09202000,3.41909941
0.97105600,3.51071572,0.09202000,3.41869572
0.97155500,3.51031203,0.09202000,3.41829203
0.97205400,3.50990834,0.09202000,3.41788834
0.97255300,3.50950464,0.09202000,3.41748464
0.97305200,3.50910095,0.09202000,3.41708095
0.97355100,3.50869726,0.09202000,3.41667726
0.97405000,3.50829357,0.09202000,3.41627357
0.97454900,3.50788988,0.09202000,3.41586988
0.97504800,3.50748619,0.09202000,3.41546619
0.97554700,3.50708250,0.09202000,3.41506250
0.97604600,3.50667880,0.09202000,3.41465880
0.97654500,3.50627511,0.09202000,3.41425511
0.97704400,3.50587142,0.09202000,3.41385142
0.97754300,3.50546773,0.09202000,3.41344773
0.97804200,3.50506404,0.09202000,3.41304404
0.97854100,3.50466035,0.09202000,3.41264035
0.97904000,3.50425666,0.09202000,3.41223666
0.97953900,3.50385297,0.09202000,3.41183297
0.98003800,3.50344927,0.09202000,3.41142927
0.98053700,3.50304558,0.09202000,3.41102558
0.98103600,3.50264189,0.09202000,3.41062189
0.98153500,3.50223820,0.09202000,3.41021820
0.98203400,3.50183451,0.09202000,3.40981451
0.98253300,3.50143082,0.09202000,3.40941082
0.98303200,3.50102713,0.09202000,3.40900713
0.98353100,3.50062344,0.09202000,3.40860344
0.98403000,3.50021974,0.09202000,3.40819974
0.98452900,3.49981605,0.09202000,3.40779605
0.98502800,3.49941236,0.09202000,3.40739236
0.98552700,3.49900867,0.09202000,3.40698867
0.98602600,3.49860498,0.09202000,3.40658498
0.98652500,3.49820129,0.09202000,3.40618129
0.98702400,3.49779760,0.09202000,3.40577760
0.98752300,3.49739391,0.09202000,3.40537391
0.98802200,3.49699021,0.09202000,3.40497021
0.98852100,3.49658652,0.09202000,3.40456652
0.98902000,3.49618283,0.09202000,3.40416283
0.98951900,3.49577914,0.09202000,3.40375914
0.99001800,3.49537545,0.09202000,3.40335545
0.99051700,3.49497176,0.09202000,3.40295176
0.99101600,3.49456807,0.09202000,3.40254807
0.99151500,3.49416438,0.09202000,3.40214438
0.99201400,3.49376068,0.09202000,3.40174068
0.99251300,3.49335699,0.09202000,3.40133699
0.99301200,3.49295330,0.09202000,3.40093330
0.99351100,3.49254961,0.09202000,3.40052961
0.99401000,3.49214592,0.09202000,3.40012592
0.99450900,3.49174223,0.09202000,3.39972223
0.99500800,3.49133854,0.09202000,3.39931854
0.99550700,3.49093485,0.09202000,3.39891485
0.99600600,3.49053116,0.09202000,3.39851116
0.99650500,3.49012746,0.09202000,3.39810746
0.99700400,3.48972377,0.09202000,3.39770377
0.99750300,3.48932008,0.09202000,3.39730008
0.99800200,3.48891639,0.09202000,3.39689639
0.99850100,3.48851270,0.09202000,3.39649270
0.99900000,3.48810901,0.09202000,3.39608901
