elem_id,n1,n2,n3,n4
1,1,1350,1351,2
2,2,1351,1352,3
3,3,1352,1353,4
4,4,1353,1354,5
5,5,1354,1355,6
6,6,1355,1356,7
7,7,1356,1357,8
8,8,1357,1358,9
9,9,1358,1359,10
10,10,1359,1360,11
11,11,1360,1361,12
12,12,1361,1362,13
13,13,1362,1363,14
14,14,1363,1364,15
15,15,1364,1365,16
16,16,1365,1366,17
17,17,1366,1367,18
18,18,1367,1368,19
19,19,1368,1369,20
20,20,1369,1370,21
21,21,1370,1371,22
22,22,1371,1372,23
23,23,1372,1373,24
24,24,1373,1374,25
25,25,1374,1375,26
26,26,1375,1376,27
27,27,1376,1377,28
28,28,1377,1378,29
29,29,1378,1379,30
30,30,1379,1380,31
31,31,1380,1381,32
32,32,1381,1382,33
33,33,1382,1383,34
34,34,1383,1384,35
35,35,1384,1385,36
36,36,1385,1386,37
37,37,1386,1387,38
38,38,1387,1388,39
39,39,1388,1389,40
40,40,1389,1390,41
41,41,1390,1391,42
42,42,1391,1392,43
43,43,1392,1393,44
44,44,1393,1394,45
45,45,1394,1395,46
46,46,1395,1396,47
47,47,1396,1397,48
48,48,1397,1398,49
49,49,1398,1399,50
50,50,1399,1400,51
51,51,1400,1401,52
52,52,1401,1402,53
53,53,1402,1403,54
54,54,1403,1404,55
55,55,1404,1405,56
56,56,1405,1406,57
57,57,1406,1407,58
58,58,1407,1408,59
59,59,1408,1409,60
60,60,1409,1410,61
61,61,1410,1411,62
62,62,1411,1412,63
63,63,1412,1413,64
64,64,1413,1414,65
65,65,1414,1415,66
66,66,1415,1416,67
67,67,1416,1417,68
68,68,1417,1418,69
69,69,1418,1419,70
70,70,1419,1420,71
71,71,1420,1421,72
72,72,1421,1422,73
73,73,1422,1423,74
74,74,1423,1424,75
75,75,1424,1425,76
76,76,1425,1426,77
77,77,1426,1427,78
78,78,1427,1428,79
79,79,1428,1429,80
80,80,1429,1430,81
81,81,1430,1431,82
82,82,1431,1432,83
83,83,1432,1433,84
84,84,1433,1434,85
85,85,1434,1435,86
86,86,1435,1436,87
87,87,1436,1437,88
88,88,1437,1438,89
89,89,1438,1439,90
90,90,1439,1440,91
91,91,1440,1441,92
92,92,1441,1442,93
93,93,1442,1443,94
94,94,1443,1444,95
95,95,1444,1445,96
96,96,1445,1446,97
97,97,1446,1447,98
98,98,1447,1448,99
99,99,1448,1449,100
100,100,1449,1450,101
101,101,1450,1451,102
102,102,1451,1452,103
103,103,1452,1453,104
104,104,1453,1454,105
105,105,1454,1455,106
106,106,1455,1456,107
107,107,1456,1457,108
108,108,1457,1458,109
109,109,1458,1459,110
110,110,1459,1460,111
111,111,1460,1461,112
112,112,1461,1462,113
113,113,1462,1463,114
114,114,1463,1464,115
115,115,1464,1465,116
116,116,1465,1466,117
117,117,1466,1467,118
118,118,1467,1468,119
119,119,1468,1469,120
120,120,1469,1470,121
121,121,1470,1471,122
122,122,1471,1472,123
123,123,1472,1473,124
124,124,1473,1474,125
125,125,1474,1475,126
126,126,1475,1476,127
127,127,1476,1477,128
128,128,1477,1478,129
129,129,1478,1479,130
130,130,1479,1480,131
131,131,1480,1481,132
132,132,1481,1482,133
133,133,1482,1483,134
134,134,1483,1484,135
135,135,1484,1485,136
136,136,1485,1486,137
137,137,1486,1487,138
138,138,1487,1488,139
139,139,1488,1489,140
140,140,1489,1490,141
141,141,1490,1491,142
142,142,1491,1492,143
143,143,1492,1493,144
144,144,1493,1494,145
145,145,1494,1495,146
146,146,1495,1496,147
147,147,1496,1497,148
148,148,1497,1498,149
149,149,1498,1499,150
150,150,1499,1500,151
151,151,1500,1501,152
152,152,1501,1502,153
153,153,1502,1503,154
154,154,1503,1504,155
155,155,1504,1505,156
156,156,1505,1506,157
157,157,1506,1507,158
158,158,1507,1508,159
159,159,1508,1509,160
160,160,1509,1510,161
161,161,1510,1511,162
162,162,1511,1512,163
163,163,1512,1513,164
164,164,1513,1514,165
165,165,1514,1515,166
166,166,1515,1516,167
167,167,1516,1517,168
168,168,1517,1518,169
169,169,1518,1519,170
170,170,1519,1520,171
171,171,1520,1521,172
172,172,1521,1522,173
173,173,1522,1523,174
174,174,1523,1524,175
175,175,1524,1525,176
176,176,1525,1526,177
177,177,1526,1527,178
178,178,1527,1528,179
179,179,1528,1529,180
180,180,1529,1530,181
181,181,1530,1531,182
182,182,1531,1532,183
183,183,1532,1533,184
184,184,1533,1534,185
185,185,1534,1535,186
186,186,1535,1536,187
187,187,1536,1537,188
188,188,1537,1538,189
189,189,1538,1539,190
190,190,1539,1540,191
191,191,1540,1541,192
192,192,1541,1542,193
193,193,1542,1543,194
194,194,1543,1544,195
195,195,1544,1545,196
196,196,1545,1546,197
197,197,1546,1547,198
198,198,1547,1548,199
199,199,1548,1549,200
200,200,1549,1550,201
201,201,1550,1551,202
202,202,1551,1552,203
203,203,1552,1553,204
204,204,1553,1554,205
205,205,1554,1555,206
206,206,1555,1556,207
207,207,1556,1557,208
208,208,1557,1558,209
209,209,1558,1559,210
210,210,1559,1560,211
211,211,1560,1561,212
212,212,1561,1562,213
213,213,1562,1563,214
214,214,1563,1564,215
215,215,1564,1565,216
216,216,1565,1566,217
217,217,1566,1567,218
218,218,1567,1568,219
219,219,1568,1569,220
220,220,1569,1570,221
221,221,1570,1571,222
222,222,1571,1572,223
223,223,1572,1573,224
224,224,1573,1574,225
225,225,1574,1575,226
226,226,1575,1576,227
227,227,1576,1577,228
228,228,1577,1578,229
229,229,1578,1579,230
230,230,1579,1580,231
231,231,1580,1581,232
232,232,1581,1582,233
233,233,1582,1583,234
234,234,1583,1584,235
235,235,1584,1585,236
236,236,1585,1586,237
237,237,1586,1587,238
238,238,1587,1588,239
239,239,1588,1589,240
240,240,1589,1590,241
241,241,1590,1591,242
242,242,1591,1592,243
243,243,1592,1593,244
244,244,1593,1594,245
245,245,1594,1595,246
246,246,1595,1596,247
247,247,1596,1597,248
248,248,1597,1598,249
249,249,1598,1599,250
250,250,1599,1600,251
251,251,1600,1601,252
252,252,1601,1602,253
253,253,1602,1603,254
254,254,1603,1604,255
255,255,1604,1605,256
256,256,1605,1606,257
257,257,1606,1607,258
258,258,1607,1608,259
259,259,1608,1609,260
260,260,1609,1610,261
261,261,1610,1611,262
262,262,1611,1612,263
263,263,1612,1613,264
264,264,1613,1614,265
265,265,1614,1615,266
266,266,1615,1616,267
267,267,1616,1617,268
268,268,1617,1618,269
269,269,1618,1619,270
270,270,1619,1620,271
271,271,1620,1621,272
272,272,1621,1622,273
273,273,1622,1623,274
274,274,1623,1624,275
275,275,1624,1625,276
276,276,1625,1626,277
277,277,1626,1627,278
278,278,1627,1628,279
279,279,1628,1629,280
280,280,1629,1630,281
281,281,1630,1631,282
282,282,1631,1632,283
283,283,1632,1633,284
284,284,1633,1634,285
285,285,1634,1635,286
286,286,1635,1636,287
287,287,1636,1637,288
288,288,1637,1638,289
289,289,1638,1639,290
290,290,1639,1640,291
291,291,1640,1641,292
292,292,1641,1642,293
293,293,1642,1643,294
294,294,1643,1644,295
295,295,1644,1645,296
296,296,1645,1646,297
297,297,1646,1647,298
298,298,1647,1648,299
299,299,1648,1649,300
300,300,1649,1650,301
301,301,1650,1651,302
302,302,1651,1652,303
303,303,1652,1653,304
304,304,1653,1654,305
305,305,1654,1655,306
306,306,1655,1656,307
307,307,1656,1657,308
308,308,1657,1658,309
309,309,1658,1659,310
310,310,1659,1660,311
311,311,1660,1661,312
312,312,1661,1662,313
313,313,1662,1663,314
314,314,1663,1664,315
315,315,1664,1665,316
316,316,1665,1666,317
317,317,1666,1667,318
318,318,1667,1668,319
319,319,1668,1669,320
320,320,1669,1670,321
321,321,1670,1671,322
322,322,1671,1672,323
323,323,1672,1673,324
324,324,1673,1674,325
325,325,1674,1675,326
326,326,1675,1676,327
327,327,1676,1677,328
328,328,1677,1678,329
329,329,1678,1679,330
330,330,1679,1680,331
331,331,1680,1681,332
332,332,1681,1682,333
333,333,1682,1683,334
334,334,1683,1684,335
335,335,1684,1685,336
336,336,1685,1686,337
337,337,1686,1687,338
338,338,1687,1688,339
339,339,1688,1689,340
340,340,1689,1690,341
341,341,1690,1691,342
342,342,1691,1692,343
343,343,1692,1693,344
344,344,1693,1694,345
345,345,1694,1695,346
346,346,1695,1696,347
347,347,1696,1697,348
348,348,1697,1698,349
349,349,1698,1699,350
350,350,1699,1700,351
351,351,1700,1701,352
352,352,1701,1702,353
353,353,1702,1703,354
354,354,1703,1704,355
355,355,1704,1705,356
356,356,1705,1706,357
357,357,1706,1707,358
358,358,1707,1708,359
359,359,1708,1709,360
360,360,1709,1710,361
361,361,1710,1711,362
362,362,1711,1712,363
363,363,1712,1713,364
364,364,1713,1714,365
365,365,1714,1715,366
366,366,1715,1716,367
367,367,1716,1717,368
368,368,1717,1718,369
369,369,1718,1719,370
370,370,1719,1720,371
371,371,1720,1721,372
372,372,1721,1722,373
373,373,1722,1723,374
374,374,1723,1724,375
375,375,1724,1725,376
376,376,1725,1726,377
377,377,1726,1727,378
378,378,1727,1728,379
379,379,1728,1729,380
380,380,1729,1730,381
381,381,1730,1731,382
382,382,1731,1732,383
383,383,1732,1733,384
384,384,1733,1734,385
385,385,1734,1735,386
386,386,1735,1736,387
387,387,1736,1737,388
388,388,1737,1738,389
389,389,1738,1739,390
390,390,1739,1740,391
391,391,1740,1741,392
392,392,1741,1742,393
393,393,1742,1743,394
394,394,1743,1744,395
395,395,1744,1745,396
396,396,1745,1746,397
397,397,1746,1747,398
398,398,1747,1748,399
399,399,1748,1749,400
400,400,1749,1750,401
401,401,1750,1751,402
402,402,1751,1752,403
403,403,1752,1753,404
404,404,1753,1754,405
405,405,1754,1755,406
406,406,1755,1756,407
407,407,1756,1757,408
408,408,1757,1758,409
409,409,1758,1759,410
410,410,1759,1760,411
411,411,1760,1761,412
412,412,1761,1762,413
413,413,1762,1763,414
414,414,1763,1764,415
415,415,1764,1765,416
416,416,1765,1766,417
417,417,1766,1767,418
418,418,1767,1768,419
419,419,1768,1769,420
420,420,1769,1770,421
421,421,1770,1771,422
422,422,1771,1772,423
423,423,1772,1773,424
424,424,1773,1774,425
425,425,1774,1775,426
426,426,1775,1776,427
427,427,1776,1777,428
428,428,1777,1778,429
429,429,1778,1779,430
430,430,1779,1780,431
431,431,1780,1781,432
432,432,1781,1782,433
433,433,1782,1783,434
434,434,1783,1784,435
435,435,1784,1785,436
436,436,1785,1786,437
437,437,1786,1787,438
438,438,1787,1788,439
439,439,1788,1789,440
440,440,1789,1790,441
441,441,1790,1791,442
442,442,1791,1792,443
443,443,1792,1793,444
444,444,1793,1794,445
445,445,1794,1795,446
446,446,1795,1796,447
447,447,1796,1797,448
448,448,1797,1798,449
449,449,1798,1799,450
450,450,1799,1800,451
451,451,1800,1801,452
452,452,1801,1802,453
453,453,1802,1803,454
454,454,1803,1804,455
455,455,1804,1805,456
456,456,1805,1806,457
457,457,1806,1807,458
458,458,1807,1808,459
459,459,1808,1809,460
460,460,1809,1810,461
461,461,1810,1811,462
462,462,1811,1812,463
463,463,1812,1813,464
464,464,1813,1814,465
465,465,1814,1815,466
466,466,1815,1816,467
467,467,1816,1817,468
468,468,1817,1818,469
469,469,1818,1819,470
470,470,1819,1820,471
471,471,1820,1821,472
472,472,1821,1822,473
473,473,1822,1823,474
474,474,1823,1824,475
475,475,1824,1825,476
476,476,1825,1826,477
477,477,1826,1827,478
478,478,1827,1828,479
479,479,1828,1829,480
480,480,1829,1830,481
481,481,1830,1831,482
482,482,1831,1832,483
483,483,1832,1833,484
484,484,1833,1834,485
485,485,1834,1835,486
486,486,1835,1836,487
487,487,1836,1837,488
488,488,1837,1838,489
489,489,1838,1839,490
490,490,1839,1840,491
491,491,1840,1841,492
492,492,1841,1842,493
493,493,1842,1843,494
494,494,1843,1844,495
495,495,1844,1845,496
496,496,1845,1846,497
497,497,1846,1847,498
498,498,1847,1848,499
499,499,1848,1849,500
500,500,1849,1850,501
501,501,1850,1851,502
502,502,1851,1852,503
503,503,1852,1853,504
504,504,1853,1854,505
505,505,1854,1855,506
506,506,1855,1856,507
507,507,1856,1857,508
508,508,1857,1858,509
509,509,1858,1859,510
510,510,1859,1860,511
511,511,1860,1861,512
512,512,1861,1862,513
513,513,1862,1863,514
514,514,1863,1864,515
515,515,1864,1865,516
516,516,1865,1866,517
517,517,1866,1867,518
518,518,1867,1868,519
519,519,1868,1869,520
520,520,1869,1870,521
521,521,1870,1871,522
522,522,1871,1872,523
523,523,1872,1873,524
524,524,1873,1874,525
525,525,1874,1875,526
526,526,1875,1876,527
527,527,1876,1877,528
528,528,1877,1878,529
529,529,1878,1879,530
530,530,1879,1880,531
531,531,1880,1881,532
532,532,1881,1882,533
533,533,1882,1883,534
534,534,1883,1884,535
535,535,1884,1885,536
536,536,1885,1886,537
537,537,1886,1887,538
538,538,1887,1888,539
539,539,1888,1889,540
540,540,1889,1890,541
541,541,1890,1891,542
542,542,1891,1892,543
543,543,1892,1893,544
544,544,1893,1894,545
545,545,1894,1895,546
546,546,1895,1896,547
547,547,1896,1897,548
548,548,1897,1898,549
549,549,1898,1899,550
550,550,1899,1900,551
551,551,1900,1901,552
552,552,1901,1902,553
553,553,1902,1903,554
554,554,1903,1904,555
555,555,1904,1905,556
556,556,1905,1906,557
557,557,1906,1907,558
558,558,1907,1908,559
559,559,1908,1909,560
560,560,1909,1910,561
561,561,1910,1911,562
562,562,1911,1912,563
563,563,1912,1913,564
564,564,1913,1914,565
565,565,1914,1915,566
566,566,1915,1916,567
567,567,1916,1917,568
568,568,1917,1918,569
569,569,1918,1919,570
570,570,1919,1920,571
571,571,1920,1921,572
572,572,1921,1922,573
573,573,1922,1923,574
574,574,1923,1924,575
575,575,1924,1925,576
576,576,1925,1926,577
577,577,1926,1927,578
578,578,1927,1928,579
579,579,1928,1929,580
580,580,1929,1930,581
581,581,1930,1931,582
582,582,1931,1932,583
583,583,1932,1933,584
584,584,1933,1934,585
585,585,1934,1935,586
586,586,1935,1936,587
587,587,1936,1937,588
588,588,1937,1938,589
589,589,1938,1939,590
590,590,1939,1940,591
591,591,1940,1941,592
592,592,1941,1942,593
593,593,1942,1943,594
594,594,1943,1944,595
595,595,1944,1945,596
596,596,1945,1946,597
597,597,1946,1947,598
598,598,1947,1948,599
599,599,1948,1949,600
600,600,1949,1950,601
601,601,1950,1951,602
602,602,1951,1952,603
603,603,1952,1953,604
604,604,1953,1954,605
605,605,1954,1955,606
606,606,1955,1956,607
607,607,1956,1957,608
608,608,1957,1958,609
609,609,1958,1959,610
610,610,1959,1960,611
611,611,1960,1961,612
612,612,1961,1962,613
613,613,1962,1963,614
614,614,1963,1964,615
615,615,1964,1965,616
616,616,1965,1966,617
617,617,1966,1967,618
618,618,1967,1968,619
619,619,1968,1969,620
620,620,1969,1970,621
621,621,1970,1971,622
622,622,1971,1972,623
623,623,1972,1973,624
624,624,1973,1974,625
625,625,1974,1975,626
626,626,1975,1976,627
627,627,1976,1977,628
628,628,1977,1978,629
629,629,1978,1979,630
630,630,1979,1980,631
631,631,1980,1981,632
632,632,1981,1982,633
633,633,1982,1983,634
634,634,1983,1984,635
635,635,1984,1985,636
636,636,1985,1986,637
637,637,1986,1987,638
638,638,1987,1988,639
639,639,1988,1989,640
640,640,1989,1990,641
641,641,1990,1991,642
642,642,1991,1992,643
643,643,1992,1993,644
644,644,1993,1994,645
645,645,1994,1995,646
646,646,1995,1996,647
647,647,1996,1997,648
648,648,1997,1998,649
649,649,1998,1999,650
650,650,1999,2000,651
651,651,2000,2001,652
652,652,2001,2002,653
653,653,2002,2003,654
654,654,2003,2004,655
655,655,2004,2005,656
656,656,2005,2006,657
657,657,2006,2007,658
658,658,2007,2008,659
659,659,2008,2009,660
660,660,2009,2010,661
661,661,2010,2011,662
662,662,2011,2012,663
663,663,2012,2013,664
664,664,2013,2014,665
665,665,2014,2015,666
666,666,2015,2016,667
667,667,2016,2017,668
668,668,2017,2018,669
669,669,2018,2019,670
670,670,2019,2020,671
671,671,2020,2021,672
672,672,2021,2022,673
673,673,2022,2023,674
674,674,2023,2024,675
675,675,2024,2025,676
676,676,2025,2026,677
677,677,2026,2027,678
678,678,2027,2028,679
679,679,2028,2029,680
680,680,2029,2030,681
681,681,2030,2031,682
682,682,2031,2032,683
683,683,2032,2033,684
684,684,2033,2034,685
685,685,2034,2035,686
686,686,2035,2036,687
687,687,2036,2037,688
688,688,2037,2038,689
689,689,2038,2039,690
690,690,2039,2040,691
691,691,2040,2041,692
692,692,2041,2042,693
693,693,2042,2043,694
694,694,2043,2044,695
695,695,2044,2045,696
696,696,2045,2046,697
697,697,2046,2047,698
698,698,2047,2048,699
699,699,2048,2049,700
700,700,2049,2050,701
701,701,2050,2051,702
702,702,2051,2052,703
703,703,2052,2053,704
704,704,2053,2054,705
705,705,2054,2055,706
706,706,2055,2056,707
707,707,2056,2057,708
708,708,2057,2058,709
709,709,2058,2059,710
710,710,2059,2060,711
711,711,2060,2061,712
712,712,2061,2062,713
713,713,2062,2063,714
714,714,2063,2064,715
715,715,2064,2065,716
716,716,2065,2066,717
717,717,2066,2067,718
718,718,2067,2068,719
719,719,2068,2069,720
720,720,2069,2070,721
721,721,2070,2071,722
722,722,2071,2072,723
723,723,2072,2073,724
724,724,2073,2074,725
725,725,2074,2075,726
726,726,2075,2076,727
727,727,2076,2077,728
728,728,2077,2078,729
729,729,2078,2079,730
730,730,2079,2080,731
731,731,2080,2081,732
732,732,2081,2082,733
733,733,2082,2083,734
734,734,2083,2084,735
735,735,2084,2085,736
736,736,2085,2086,737
737,737,2086,2087,738
738,738,2087,2088,739
739,739,2088,2089,740
740,740,2089,2090,741
741,741,2090,2091,742
742,742,2091,2092,743
743,743,2092,2093,744
744,744,2093,2094,745
745,745,2094,2095,746
746,746,2095,2096,747
747,747,2096,2097,748
748,748,2097,2098,749
749,749,2098,2099,750
750,750,2099,2100,751
751,751,2100,2101,752
752,752,2101,2102,753
753,753,2102,2103,754
754,754,2103,2104,755
755,755,2104,2105,756
756,756,2105,2106,757
757,757,2106,2107,758
758,758,2107,2108,759
759,759,2108,2109,760
760,760,2109,2110,761
761,761,2110,2111,762
762,762,2111,2112,763
763,763,2112,2113,764
764,764,2113,2114,765
765,765,2114,2115,766
766,766,2115,2116,767
767,767,2116,2117,768
768,768,2117,2118,769
769,769,2118,2119,770
770,770,2119,2120,771
771,771,2120,2121,772
772,772,2121,2122,773
773,773,2122,2123,774
774,774,2123,2124,775
775,775,2124,2125,776
776,776,2125,2126,777
777,777,2126,2127,778
778,778,2127,2128,779
779,779,2128,2129,780
780,780,2129,2130,781
781,781,2130,2131,782
782,782,2131,2132,783
783,783,2132,2133,784
784,784,2133,2134,785
785,785,2134,2135,786
786,786,2135,2136,787
787,787,2136,2137,788
788,788,2137,2138,789
789,789,2138,2139,790
790,790,2139,2140,791
791,791,2140,2141,792
792,792,2141,2142,793
793,793,2142,2143,794
794,794,2143,2144,795
795,795,2144,2145,796
796,796,2145,2146,797
797,797,2146,2147,798
798,798,2147,2148,799
799,799,2148,2149,800
800,800,2149,2150,801
801,801,2150,2151,802
802,802,2151,2152,803
803,803,2152,2153,804
804,804,2153,2154,805
805,805,2154,2155,806
806,806,2155,2156,807
807,807,2156,2157,808
808,808,2157,2158,809
809,809,2158,2159,810
810,810,2159,2160,811
811,811,2160,2161,812
812,812,2161,2162,813
813,813,2162,2163,814
814,814,2163,2164,815
815,815,2164,2165,816
816,816,2165,2166,817
817,817,2166,2167,818
818,818,2167,2168,819
819,819,2168,2169,820
820,820,2169,2170,821
821,821,2170,2171,822
822,822,2171,2172,823
823,823,2172,2173,824
824,824,2173,2174,825
825,825,2174,2175,826
826,826,2175,2176,827
827,827,2176,2177,828
828,828,2177,2178,829
829,829,2178,2179,830
830,830,2179,2180,831
831,831,2180,2181,832
832,832,2181,2182,833
833,833,2182,2183,834
834,834,2183,2184,835
835,835,2184,2185,836
836,836,2185,2186,837
837,837,2186,2187,838
838,838,2187,2188,839
839,839,2188,2189,840
840,840,2189,2190,841
841,841,2190,2191,842
842,842,2191,2192,843
843,843,2192,2193,844
844,844,2193,2194,845
845,845,2194,2195,846
846,846,2195,2196,847
847,847,2196,2197,848
848,848,2197,2198,849
849,849,2198,2199,850
850,850,2199,2200,851
851,851,2200,2201,852
852,852,2201,2202,853
853,853,2202,2203,854
854,854,2203,2204,855
855,855,2204,2205,856
856,856,2205,2206,857
857,857,2206,2207,858
858,858,2207,2208,859
859,859,2208,2209,860
860,860,2209,2210,861
861,861,2210,2211,862
862,862,2211,2212,863
863,863,2212,2213,864
864,864,2213,2214,865
865,865,2214,2215,866
866,866,2215,2216,867
867,867,2216,2217,868
868,868,2217,2218,869
869,869,2218,2219,870
870,870,2219,2220,871
871,871,2220,2221,872
872,872,2221,2222,873
873,873,2222,2223,874
874,874,2223,2224,875
875,875,2224,2225,876
876,876,2225,2226,877
877,877,2226,2227,878
878,878,2227,2228,879
879,879,2228,2229,880
880,880,2229,2230,881
881,881,2230,2231,882
882,882,2231,2232,883
883,883,2232,2233,884
884,884,2233,2234,885
885,885,2234,2235,886
886,886,2235,2236,887
887,887,2236,2237,888
888,888,2237,2238,889
889,889,2238,2239,890
890,890,2239,2240,891
891,891,2240,2241,892
892,892,2241,2242,893
893,893,2242,2243,894
894,894,2243,2244,895
895,895,2244,2245,896
896,896,2245,2246,897
897,897,2246,2247,898
898,898,2247,2248,899
899,899,2248,2249,900
900,900,2249,2250,901
901,901,2250,2251,902
902,902,2251,2252,903
903,903,2252,2253,904
904,904,2253,2254,905
905,905,2254,2255,906
906,906,2255,2256,907
907,907,2256,2257,908
908,908,2257,2258,909
909,909,2258,2259,910
910,910,2259,2260,911
911,911,2260,2261,912
912,912,2261,2262,913
913,913,2262,2263,914
914,914,2263,2264,915
915,915,2264,2265,916
916,916,2265,2266,917
917,917,2266,2267,918
918,918,2267,2268,919
919,919,2268,2269,920
920,920,2269,2270,921
921,921,2270,2271,922
922,922,2271,2272,923
923,923,2272,2273,924
924,924,2273,2274,925
925,925,2274,2275,926
926,926,2275,2276,927
927,927,2276,2277,928
928,928,2277,2278,929
929,929,2278,2279,930
930,930,2279,2280,931
931,931,2280,2281,932
932,932,2281,2282,933
933,933,2282,2283,934
934,934,2283,2284,935
935,935,2284,2285,936
936,936,2285,2286,937
937,937,2286,2287,938
938,938,2287,2288,939
939,939,2288,2289,940
940,940,2289,2290,941
941,941,2290,2291,942
942,942,2291,2292,943
943,943,2292,2293,944
944,944,2293,2294,945
945,945,2294,2295,946
946,946,2295,2296,947
947,947,2296,2297,948
948,948,2297,2298,949
949,949,2298,2299,950
950,950,2299,2300,951
951,951,2300,2301,952
952,952,2301,2302,953
953,953,2302,2303,954
954,954,2303,2304,955
955,955,2304,2305,956
956,956,2305,2306,957
957,957,2306,2307,958
958,958,2307,2308,959
959,959,2308,2309,960
960,960,2309,2310,961
961,961,2310,2311,962
962,962,2311,2312,963
963,963,2312,2313,964
964,964,2313,2314,965
965,965,2314,2315,966
966,966,2315,2316,967
967,967,2316,2317,968
968,968,2317,2318,969
969,969,2318,2319,970
970,970,2319,2320,971
971,971,2320,2321,972
972,972,2321,2322,973
973,973,2322,2323,974
974,974,2323,2324,975
975,975,2324,2325,976
976,976,2325,2326,977
977,977,2326,2327,978
978,978,2327,2328,979
979,979,2328,2329,980
980,980,2329,2330,981
981,981,2330,2331,982
982,982,2331,2332,983
983,983,2332,2333,984
984,984,2333,2334,985
985,985,2334,2335,986
986,986,2335,2336,987
987,987,2336,2337,988
988,988,2337,2338,989
989,989,2338,2339,990
990,990,2339,2340,991
991,991,2340,2341,992
992,992,2341,2342,993
993,993,2342,2343,994
994,994,2343,2344,995
995,995,2344,2345,996
996,996,2345,2346,997
997,997,2346,2347,998
998,998,2347,2348,999
999,999,2348,2349,1000
1000,1000,2349,2350,1001
1001,1001,2350,2351,1002
1002,1002,2351,2352,1003
1003,1003,2352,2353,1004
1004,1004,2353,2354,1005
1005,1005,2354,2355,1006
1006,1006,2355,2356,1007
1007,1007,2356,2357,1008
1008,1008,2357,2358,1009
1009,1009,2358,2359,1010
1010,1010,2359,2360,1011
1011,1011,2360,2361,1012
1012,1012,2361,2362,1013
1013,1013,2362,2363,1014
1014,1014,2363,2364,1015
1015,1015,2364,2365,1016
1016,1016,2365,2366,1017
1017,1017,2366,2367,1018
1018,1018,2367,2368,1019
1019,1019,2368,2369,1020
1020,1020,2369,2370,1021
1021,1021,2370,2371,1022
1022,1022,2371,2372,1023
1023,1023,2372,2373,1024
1024,1024,2373,2374,1025
1025,1025,2374,2375,1026
1026,1026,2375,2376,1027
1027,1027,2376,2377,1028
1028,1028,2377,2378,1029
1029,1029,2378,2379,1030
1030,1030,2379,2380,1031
1031,1031,2380,2381,1032
1032,1032,2381,2382,1033
1033,1033,2382,2383,1034
1034,1034,2383,2384,1035
1035,1035,2384,2385,1036
1036,1036,2385,2386,1037
1037,1037,2386,2387,1038
1038,1038,2387,2388,1039
1039,1039,2388,2389,1040
1040,1040,2389,2390,1041
1041,1041,2390,2391,1042
1042,1042,2391,2392,1043
1043,1043,2392,2393,1044
1044,1044,2393,2394,1045
1045,1045,2394,2395,1046
1046,1046,2395,2396,1047
1047,1047,2396,2397,1048
1048,1048,2397,2398,1049
1049,1049,2398,2399,1050
1050,1050,2399,2400,1051
1051,1051,2400,2401,1052
1052,1052,2401,2402,1053
1053,1053,2402,2403,1054
1054,1054,2403,2404,1055
1055,1055,2404,2405,1056
1056,1056,2405,2406,1057
1057,1057,2406,2407,1058
1058,1058,2407,2408,1059
1059,1059,2408,2409,1060
1060,1060,2409,2410,1061
1061,1061,2410,2411,1062
1062,1062,2411,2412,1063
1063,1063,2412,2413,1064
1064,1064,2413,2414,1065
1065,1065,2414,2415,1066
1066,1066,2415,2416,1067
1067,1067,2416,2417,1068
1068,1068,2417,2418,1069
1069,1069,2418,2419,1070
1070,1070,2419,2420,1071
1071,1071,2420,2421,1072
1072,1072,2421,2422,1073
1073,1073,2422,2423,1074
1074,1074,2423,2424,1075
1075,1075,2424,2425,1076
1076,1076,2425,2426,1077
1077,1077,2426,2427,1078
1078,1078,2427,2428,1079
1079,1079,2428,2429,1080
1080,1080,2429,2430,1081
1081,1081,2430,2431,1082
1082,1082,2431,2432,1083
1083,1083,2432,2433,1084
1084,1084,2433,2434,1085
1085,1085,2434,2435,1086
1086,1086,2435,2436,1087
1087,1087,2436,2437,1088
1088,1088,2437,2438,1089
1089,1089,2438,2439,1090
1090,1090,2439,2440,1091
1091,1091,2440,2441,1092
1092,1092,2441,2442,1093
1093,1093,2442,2443,1094
1094,1094,2443,2444,1095
1095,1095,2444,2445,1096
1096,1096,2445,2446,1097
1097,1097,2446,2447,1098
1098,1098,2447,2448,1099
1099,1099,2448,2449,1100
1100,1100,2449,2450,1101
1101,1101,2450,2451,1102
1102,1102,2451,2452,1103
1103,1103,2452,2453,1104
1104,1104,2453,2454,1105
1105,1105,2454,2455,1106
1106,1106,2455,2456,1107
1107,1107,2456,2457,1108
1108,1108,2457,2458,1109
1109,1109,2458,2459,1110
1110,1110,2459,2460,1111
1111,1111,2460,2461,1112
1112,1112,2461,2462,1113
1113,1113,2462,2463,1114
1114,1114,2463,2464,1115
1115,1115,2464,2465,1116
1116,1116,2465,2466,1117
1117,1117,2466,2467,1118
1118,1118,2467,2468,1119
1119,1119,2468,2469,1120
1120,1120,2469,2470,1121
1121,1121,2470,2471,1122
1122,1122,2471,2472,1123
1123,1123,2472,2473,1124
1124,1124,2473,2474,1125
1125,1125,2474,2475,1126
1126,1126,2475,2476,1127
1127,1127,2476,2477,1128
1128,1128,2477,2478,1129
1129,1129,2478,2479,1130
1130,1130,2479,2480,1131
1131,1131,2480,2481,1132
1132,1132,2481,2482,1133
1133,1133,2482,2483,1134
1134,1134,2483,2484,1135
1135,1135,2484,2485,1136
1136,1136,2485,2486,1137
1137,1137,2486,2487,1138
1138,1138,2487,2488,1139
1139,1139,2488,2489,1140
1140,1140,2489,2490,1141
1141,1141,2490,2491,1142
1142,1142,2491,2492,1143
1143,1143,2492,2493,1144
1144,1144,2493,2494,1145
1145,1145,2494,2495,1146
1146,1146,2495,2496,1147
1147,1147,2496,2497,1148
1148,1148,2497,2498,1149
1149,1149,2498,2499,1150
1150,1150,2499,2500,1151
1151,1151,2500,2501,1152
1152,1152,2501,2502,1153
1153,1153,2502,2503,1154
1154,1154,2503,2504,1155
1155,1155,2504,2505,1156
1156,1156,2505,2506,1157
1157,1157,2506,2507,1158
1158,1158,2507,2508,1159
1159,1159,2508,2509,1160
1160,1160,2509,2510,1161
1161,1161,2510,2511,1162
1162,1162,2511,2512,1163
1163,1163,2512,2513,1164
1164,1164,2513,2514,1165
1165,1165,2514,2515,1166
1166,1166,2515,2516,1167
1167,1167,2516,2517,1168
1168,1168,2517,2518,1169
1169,1169,2518,2519,1170
1170,1170,2519,2520,1171
1171,1171,2520,2521,1172
1172,1172,2521,2522,1173
1173,1173,2522,2523,1174
1174,1174,2523,2524,1175
1175,1175,2524,2525,1176
1176,1176,2525,2526,1177
1177,1177,2526,2527,1178
1178,1178,2527,2528,1179
1179,1179,2528,2529,1180
1180,1180,2529,2530,1181
1181,1181,2530,2531,1182
1182,1182,2531,2532,1183
1183,1183,2532,2533,1184
1184,1184,2533,2534,1185
1185,1185,2534,2535,1186
1186,1186,2535,2536,1187
1187,1187,2536,2537,1188
1188,1188,2537,2538,1189
1189,1189,2538,2539,1190
1190,1190,2539,2540,1191
1191,1191,2540,2541,1192
1192,1192,2541,2542,1193
1193,1193,2542,2543,1194
1194,1194,2543,2544,1195
1195,1195,2544,2545,1196
1196,1196,2545,2546,1197
1197,1197,2546,2547,1198
1198,1198,2547,2548,1199
1199,1199,2548,2549,1200
1200,1200,2549,2550,1201
1201,1201,2550,2551,1202
1202,1202,2551,2552,1203
1203,1203,2552,2553,1204
1204,1204,2553,2554,1205
1205,1205,2554,2555,1206
1206,1206,2555,2556,1207
1207,1207,2556,2557,1208
1208,1208,2557,2558,1209
1209,1209,2558,2559,1210
1210,1210,2559,2560,1211
1211,1211,2560,2561,1212
1212,1212,2561,2562,1213
1213,1213,2562,2563,1214
1214,1214,2563,2564,1215
1215,1215,2564,2565,1216
1216,1216,2565,2566,1217
1217,1217,2566,2567,1218
1218,1218,2567,2568,1219
1219,1219,2568,2569,1220
1220,1220,2569,2570,1221
1221,1221,2570,2571,1222
1222,1222,2571,2572,1223
1223,1223,2572,2573,1224
1224,1224,2573,2574,1225
1225,1225,2574,2575,1226
1226,1226,2575,2576,1227
1227,1227,2576,2577,1228
1228,1228,2577,2578,1229
1229,1229,2578,2579,1230
1230,1230,2579,2580,1231
1231,1231,2580,2581,1232
1232,1232,2581,2582,1233
1233,1233,2582,2583,1234
1234,1234,2583,2584,1235
1235,1235,2584,2585,1236
1236,1236,2585,2586,1237
1237,1237,2586,2587,1238
1238,1238,2587,2588,1239
1239,1239,2588,2589,1240
1240,1240,2589,2590,1241
1241,1241,2590,2591,1242
1242,1242,2591,2592,1243
1243,1243,2592,2593,1244
1244,1244,2593,2594,1245
1245,1245,2594,2595,1246
1246,1246,2595,2596,1247
1247,1247,2596,2597,1248
1248,1248,2597,2598,1249
1249,1249,2598,2599,1250
1250,1250,2599,2600,1251
1251,1251,2600,2601,1252
1252,1252,2601,2602,1253
1253,1253,2602,2603,1254
1254,1254,2603,2604,1255
1255,1255,2604,2605,1256
1256,1256,2605,2606,1257
1257,1257,2606,2607,1258
1258,1258,2607,2608,1259
1259,1259,2608,2609,1260
1260,1260,2609,2610,1261
1261,1261,2610,2611,1262
1262,1262,2611,2612,1263
1263,1263,2612,2613,1264
1264,1264,2613,2614,1265
1265,1265,2614,2615,1266
1266,1266,2615,2616,1267
1267,1267,2616,2617,1268
1268,1268,2617,2618,1269
1269,1269,2618,2619,1270
1270,1270,2619,2620,1271
1271,1271,2620,2621,1272
1272,1272,2621,2622,1273
1273,1273,2622,2623,1274
1274,1274,2623,2624,1275
1275,1275,2624,2625,1276
1276,1276,2625,2626,1277
1277,1277,2626,2627,1278
1278,1278,2627,2628,1279
1279,1279,2628,2629,1280
1280,1280,2629,2630,1281
1281,1281,2630,2631,1282
1282,1282,2631,2632,1283
1283,1283,2632,2633,1284
1284,1284,2633,2634,1285
1285,1285,2634,2635,1286
1286,1286,2635,2636,1287
1287,1287,2636,2637,1288
1288,1288,2637,2638,1289
1289,1289,2638,2639,1290
1290,1290,2639,2640,1291
1291,1291,2640,2641,1292
1292,1292,2641,2642,1293
1293,1293,2642,2643,1294
1294,1294,2643,2644,1295
1295,1295,2644,2645,1296
1296,1296,2645,2646,1297
1297,1297,2646,2647,1298
1298,1298,2647,2648,1299
1299,1299,2648,2649,1300
1300,1300,2649,2650,1301
1301,1301,2650,2651,1302
1302,1302,2651,2652,1303
1303,1303,2652,2653,1304
1304,1304,2653,2654,1305
1305,1305,2654,2655,1306
1306,1306,2655,2656,1307
1307,1307,2656,2657,1308
1308,1308,2657,2658,1309
1309,1309,2658,2659,1310
1310,1310,2659,2660,1311
1311,1311,2660,2661,1312
1312,1312,2661,2662,1313
1313,1313,2662,2663,1314
1314,1314,2663,2664,1315
1315,1315,2664,2665,1316
1316,1316,2665,2666,1317
1317,1317,2666,2667,1318
1318,1318,2667,2668,1319
1319,1319,2668,2669,1320
1320,1320,2669,2670,1321
1321,1321,2670,2671,1322
1322,1322,2671,2672,1323
1323,1323,2672,2673,1324
1324,1324,2673,2674,1325
1325,1325,2674,2675,1326
1326,1326,2675,2676,1327
1327,1327,2676,2677,1328
1328,1328,2677,2678,1329
1329,1329,2678,2679,1330
1330,1330,2679,2680,1331
1331,1331,2680,2681,1332
1332,1332,2681,2682,1333
1333,1333,2682,2683,1334
1334,1334,2683,2684,1335
1335,1335,2684,2685,1336
1336,1336,2685,2686,1337
1337,1337,2686,2687,1338
1338,1338,2687,2688,1339
1339,1339,2688,2689,1340
1340,1340,2689,2690,1341
1341,1341,2690,2691,1342
1342,1342,2691,2692,1343
1343,1343,2692,2693,1344
1344,1344,2693,2694,1345
1345,1345,2694,2695,1346
1346,1346,2695,2696,1347
1347,1347,2696,2697,1348
1348,1348,2697,2698,1349
