step,time_s,phase,V,I_A,T_max_K,T_mean_K,soc_mean
1,15.000000,discharge,3.731700,25.000000,298.3253,298.3235,0.599191
2,65.000000,discharge,3.683190,25.000000,298.8993,298.8935,0.590883
3,115.000000,discharge,3.654986,25.000000,299.3963,299.3871,0.579635
4,165.000000,discharge,3.632364,25.000000,299.8307,299.8185,0.567522
5,215.000000,discharge,3.612424,25.000000,300.2112,300.1964,0.555204
6,265.000000,discharge,3.594502,25.000000,300.5448,300.5278,0.542838
7,315.000000,discharge,3.578468,25.000000,300.8375,300.8185,0.530461
8,365.000000,discharge,3.564207,25.000000,301.0946,301.0738,0.518081
9,415.000000,discharge,3.551521,25.000000,301.3205,301.2982,0.505700
10,465.000000,discharge,3.540146,25.000000,301.5193,301.4956,0.493320
11,515.000000,discharge,3.529805,25.000000,301.6944,301.6695,0.480940
12,565.000000,discharge,3.520238,25.000000,301.8489,301.8230,0.468560
13,615.000000,discharge,3.511221,25.000000,301.9855,301.9587,0.456181
14,665.000000,discharge,3.502558,25.000000,302.1066,302.0789,0.443802
15,715.000000,discharge,3.494079,25.000000,302.2142,302.1858,0.431424
16,765.000000,discharge,3.485622,25.000000,302.3102,302.2811,0.419047
17,815.000000,discharge,3.477030,25.000000,302.3961,302.3665,0.406670
18,865.000000,discharge,3.468130,25.000000,302.4734,302.4433,0.394294
19,915.000000,discharge,3.458732,25.000000,302.5434,302.5128,0.381919
20,965.000000,discharge,3.448627,25.000000,302.6071,302.5761,0.369544
21,1015.000000,discharge,3.437600,25.000000,302.6656,302.6341,0.357170
22,1065.000000,discharge,3.425465,25.000000,302.7197,302.6879,0.344797
23,1115.000000,discharge,3.412126,25.000000,302.7702,302.7380,0.332425
24,1165.000000,discharge,3.397643,25.000000,302.8178,302.7853,0.320054
25,1215.000000,discharge,3.382284,25.000000,302.8631,302.8303,0.307684
26,1265.000000,discharge,3.366505,25.000000,302.9068,302.8737,0.295315
27,1315.000000,discharge,3.350852,25.000000,302.9493,302.9160,0.282946
28,1365.000000,discharge,3.335806,25.000000,302.9913,302.9576,0.270579
29,1415.000000,discharge,3.321655,25.000000,303.0330,302.9990,0.258213
30,1465.000000,discharge,3.308432,25.000000,303.0750,303.0408,0.245848
31,1515.000000,discharge,3.295900,25.000000,303.1177,303.0832,0.233484
32,1565.000000,discharge,3.283533,25.000000,303.1616,303.1268,0.221121
33,1615.000000,discharge,3.270408,25.000000,303.2072,303.1720,0.208759
34,1665.000000,discharge,3.254958,25.000000,303.2548,303.2193,0.196398
35,1715.000000,discharge,3.234645,25.000000,303.3050,303.2692,0.184039
36,1765.000000,discharge,3.206050,25.000000,303.3583,303.3221,0.171681
37,1810.000000,rest,3.349767,0.000000,303.0776,303.0430,0.161268
38,1860.000000,rest,3.388806,0.000000,302.5113,302.4806,0.156445
39,1910.000000,rest,3.401478,0.000000,302.0082,301.9809,0.154427
40,1960.000000,rest,3.407241,0.000000,301.5612,301.5369,0.153740
41,2010.000000,rest,3.410750,0.000000,301.1640,301.1425,0.153511
42,2060.000000,rest,3.413272,0.000000,300.8111,300.7920,0.153435
43,2110.000000,rest,3.415221,0.000000,300.4976,300.4806,0.153410
44,2160.000000,rest,3.416783,0.000000,300.2190,300.2039,0.153402
45,2210.000000,rest,3.418056,0.000000,299.9716,299.9581,0.153399
46,2260.000000,rest,3.419105,0.000000,299.7517,299.7398,0.153398
47,2310.000000,rest,3.419973,0.000000,299.5563,299.5457,0.153398
48,2360.000000,rest,3.420697,0.000000,299.3827,299.3733,0.153398
49,2405.000000,charge,3.601004,-25.000000,299.5975,299.5870,0.155338
50,2455.000000,charge,3.650305,-25.000000,300.1528,300.1386,0.162886
51,2505.000000,charge,3.670314,-25.000000,300.6466,300.6289,0.173311
52,2555.000000,charge,3.684647,-25.000000,301.0749,301.0544,0.185120
53,2605.000000,charge,3.697889,-25.000000,301.4448,301.4217,0.197404
54,2655.000000,charge,3.711358,-25.000000,301.7638,301.7385,0.209845
55,2705.000000,charge,3.725576,-25.000000,302.0385,302.0114,0.222336
56,2755.000000,charge,3.740699,-25.000000,302.2749,302.2462,0.234843
57,2805.000000,charge,3.756607,-25.000000,302.4781,302.4480,0.247354
58,2855.000000,charge,3.772983,-25.000000,302.6525,302.6212,0.259866
59,2905.000000,charge,3.789435,-25.000000,302.8020,302.7697,0.272377
60,2955.000000,charge,3.805639,-25.000000,302.9300,302.8967,0.284888
61,3005.000000,charge,3.821436,-25.000000,303.0392,303.0053,0.297397
62,3055.000000,charge,3.836843,-25.000000,303.1324,303.0978,0.309906
63,3105.000000,charge,3.851992,-25.000000,303.2117,303.1765,0.322413
64,3155.000000,charge,3.867033,-25.000000,303.2790,303.2434,0.334920
65,3205.000000,charge,3.882054,-25.000000,303.3361,303.3001,0.347425
66,3255.000000,charge,3.897029,-25.000000,303.3843,303.3480,0.359930
67,3305.000000,charge,3.911825,-25.000000,303.4251,303.3884,0.372434
68,3355.000000,charge,3.926242,-25.000000,303.4594,303.4225,0.384936
69,3405.000000,charge,3.940082,-25.000000,303.4882,303.4512,0.397438
70,3455.000000,charge,3.953204,-25.000000,303.5125,303.4753,0.409939
71,3505.000000,charge,3.965556,-25.000000,303.5329,303.4956,0.422439
72,3555.000000,charge,3.977173,-25.000000,303.5501,303.5127,0.434938
73,3605.000000,charge,3.988161,-25.000000,303.5647,303.5271,0.447436
74,3655.000000,charge,3.998670,-25.000000,303.5771,303.5394,0.459933
75,3705.000000,charge,4.008869,-25.000000,303.5878,303.5500,0.472430
76,3755.000000,charge,4.018937,-25.000000,303.5971,303.5593,0.484925
77,3805.000000,charge,4.029056,-25.000000,303.6054,303.5675,0.497420
78,3855.000000,charge,4.039420,-25.000000,303.6129,303.5750,0.509914
79,3905.000000,charge,4.050256,-25.000000,303.6200,303.5821,0.522408
80,3955.000000,charge,4.061868,-25.000000,303.6268,303.5889,0.534900
81,4005.000000,charge,4.074705,-25.000000,303.6336,303.5956,0.547392
82,4055.000000,charge,4.089402,-25.000000,303.6405,303.6025,0.559883
83,4105.000000,charge,4.106641,-25.000000,303.6478,303.6096,0.572373
84,4155.000000,charge,4.126532,-25.000000,303.6554,303.6172,0.584863
85,4200.000000,rest,3.978331,0.000000,303.3350,303.2986,0.595425
86,4250.000000,rest,3.938318,0.000000,302.7400,302.7077,0.599605
87,4300.000000,rest,3.924519,0.000000,302.2113,302.1827,0.600783
88,4350.000000,rest,3.916894,0.000000,301.7416,301.7162,0.601062
89,4400.000000,rest,3.911677,0.000000,301.3244,301.3017,0.601127
90,4450.000000,rest,3.907754,0.000000,300.9536,300.9335,0.601142
91,4500.000000,rest,3.904673,0.000000,300.6242,300.6063,0.601146
92,4550.000000,rest,3.902192,0.000000,300.3315,300.3156,0.601147
93,4600.000000,rest,3.900165,0.000000,300.0715,300.0574,0.601147
94,4650.000000,rest,3.898490,0.000000,299.8405,299.8279,0.601147
95,4700.000000,rest,3.897098,0.000000,299.6352,299.6241,0.601147
96,4750.000000,rest,3.895934,0.000000,299.4528,299.4429,0.601147
