node_id,x,y
1,3.31776e-7,0.0
2,3.186076458835161e-7,1.0352189951795342e-7
3,2.736352807101643e-7,1.988076685986193e-7
4,2.0070498296563525e-7,2.762467099023752e-7
5,1.0651433109458606e-7,3.2781740328304165e-7
6,2.130368139708435e-23,3.4791552000000006e-7
7,-1.0850928547900773e-7,3.3395724154939203e-7
8,-2.0829424043369868e-7,2.8669242667121865e-7
9,-2.893038558634295e-7,2.1019155480071467e-7
10,-3.431669989489176e-7,1.1150171705564042e-7
11,-3.6405504000000005e-7,4.458388394494617e-23
12,-3.4930683721526803e-7,-1.1349667144006207e-7
13,-2.99749572632273e-7,-2.1778081226877813e-7
14,-2.196781266357941e-7,-3.0236100182448387e-7
15,-1.164891030166948e-7,-3.585165946147936e-7
16,-6.984060764358545e-23,-3.8019456000000004e-7
17,1.184840574011164e-7,-3.6465643288114393e-7
18,2.272673841038575e-7,-3.128067185933274e-7
19,3.154181477855382e-7,-2.2916469847087355e-7
20,3.7386619028066955e-7,-1.2147648897774918e-7
21,3.9633408000000003e-7,-9.70738524930022e-23
22,3.800060285470199e-7,1.2347144336217072e-7
23,3.2586386455438176e-7,2.3675395593893692e-7
24,2.38651270305953e-7,3.284752937465925e-7
25,1.2646387493880357e-7,3.8921578594654545e-7
26,1.2628361849319644e-22,4.124736e-7
27,-1.2845882932322506e-7,3.953556242128959e-7
28,-2.4624052777401634e-7,3.3892101051543615e-7
29,-3.4153243970764687e-7,2.4813784214103237e-7
30,-4.045653816124214e-7,1.3145126089985797e-7
31,-4.2861312e-7,1.5746990564416812e-22
32,-4.107052198787719e-7,-1.334462152842794e-7
33,-3.5197815647649054e-7,-2.557270996090957e-7
34,-2.576244139761119e-7,-3.545895856687012e-7
35,-1.3643864686091233e-7,-4.1991497727829734e-7
36,-1.9063271394591728e-22,-4.4475264000000006e-7
37,1.384336012453337e-7,-4.2605481554464793e-7
38,2.652136714441751e-7,-3.6503530243754487e-7
39,3.676467316297555e-7,-2.6711098581119126e-7
40,4.3526457294417324e-7,-1.4142603282196672e-7
41,4.6089216000000005e-7,-2.2577204339844394e-22
42,4.4140441121052383e-7,1.4342098720638802e-7
43,3.7809244839859926e-7,2.7470024327925445e-7
44,2.7659755764627074e-7,3.8070387759080987e-7
45,1.4641341878302112e-7,4.506141686100493e-7
46,2.6288789400174803e-22,4.7703168e-7
47,-1.4840837316744234e-7,4.567540068763998e-7
48,-2.841868151143338e-7,3.9114959435965365e-7
49,-3.9376102355186415e-7,2.8608412948135016e-7
50,-4.659637642759252e-7,1.5140080474407548e-7
51,-4.931712e-7,3.019802657558296e-22
52,-4.72103602542276e-7,-1.533957591284958e-7
53,-4.0420674032070803e-7,-2.936733869494132e-7
54,-2.9557070131642895e-7,-4.0681816951291907e-7
55,-1.5638819070512987e-7,-4.813133599418011e-7
56,-1.2477667395125545e-21,-5.093107200000001e-7
57,1.5838314508955096e-7,-4.874531982081517e-7
58,3.031599587844934e-7,-4.172638862817619e-7
59,4.198753154739728e-7,-3.050572731515091e-7
60,4.966629556076768e-7,-1.6137557666618514e-7
61,5.2545024e-7,-3.8609457271632513e-22
62,5.028027938740274e-7,1.6337053105060618e-7
63,4.3032103224281686e-7,3.12646530619572e-7
64,3.145438449865893e-7,4.329324614350265e-7
65,1.6636296262723866e-7,5.12012551273553e-7
66,-5.30940166402401e-22,5.4158976e-7
67,-1.683579170116596e-7,5.181523895399037e-7
68,-3.221331024546506e-7,4.4337817820387183e-7
69,-4.4598960739608144e-7,3.24030416821668e-7
70,-5.273621469394292e-7,1.7135034858829212e-7
71,-5.5772928e-7,4.781149642799306e-22
72,-5.335019852057799e-7,-1.7334530297271295e-7
73,-4.5643532416492553e-7,-3.316196742897308e-7
74,-3.3351698865674664e-7,-4.5904675335713635e-7
75,-1.7633773454934744e-7,-5.427117426053049e-7
76,-1.5464857095863137e-21,-5.738688e-7
77,1.7833268893376824e-7,-5.488515808716556e-7
78,3.41106246124811e-7,-4.694924701259793e-7
79,4.7210389931819016e-7,-3.4300356049182697e-7
80,5.580613382711805e-7,-1.8132512051040287e-7
81,5.900083200000001e-7,-5.780414404466459e-22
82,5.642011765375312e-7,1.833200748948235e-7
83,4.825496160870344e-7,3.5059281795988957e-7
84,3.5249013232690724e-7,4.851610452792439e-7
85,1.8631250647145628e-7,5.734109339370568e-7
86,-4.45765401015519e-22,6.0614784e-7
87,-1.8830746085587679e-7,5.795507722034075e-7
88,-3.60079389794968e-7,4.956067620480893e-7
89,-4.982181912402988e-7,3.6197670416198586e-7
90,-5.88760529602933e-7,1.9129989243250964e-7
91,-6.222873600000001e-7,6.85874001216471e-22
92,-5.949003678692838e-7,-1.9329484681693004e-7
93,-5.086639080091431e-7,-3.695659616300483e-7
94,-3.7146327599706444e-7,-5.112753372013538e-7
95,-1.9628727839356506e-7,-6.041101252688086e-7
96,-1.876829018072513e-21,-6.3842688e-7
97,1.982822327779854e-7,-6.102499635351595e-7
98,3.7905253346512853e-7,-5.217210539701968e-7
99,5.243324831624073e-7,-3.809498478321448e-7
100,6.194597209346843e-7,-2.012746643546206e-7
101,6.545664e-7,-8.016126465894061e-22
102,6.255995592010351e-7,2.0326961873904084e-7
103,5.347781999312532e-7,3.885391053002051e-7
104,3.904364196672252e-7,5.373896291234611e-7
105,2.0626205031567385e-7,6.348093166005605e-7
106,-3.289662972161975e-22,6.7070592e-7
107,-2.0825700470009626e-7,6.409491548669107e-7
108,-3.9802567713528536e-7,5.478353458923069e-7
109,-5.504467750845161e-7,3.9992299150230377e-7
110,-6.501589122664369e-7,2.1124943627672718e-7
111,-6.868454400000001e-7,3.3654225664752e-21
112,-6.562987505327877e-7,-2.132443906611471e-7
113,-5.608924918533606e-7,-4.0751224897036574e-7
114,-4.0940956333738213e-7,-5.63503921045571e-7
115,-2.1623682223778035e-7,-6.655085079323131e-7
116,-2.238796664971151e-21,-7.029849600000001e-7
117,2.1823177662220256e-7,-6.716483461986634e-7
118,4.169988208054461e-7,-5.739496378144143e-7
119,5.765610670066232e-7,-4.188961351724647e-7
120,6.80858103598188e-7,-2.2122420819883837e-7
121,7.191244800000001e-7,-1.0568081911446059e-21
122,6.86997941864539e-7,2.2321916258325806e-7
123,5.870067837754679e-7,4.264853926405265e-7
124,4.283827070075431e-7,5.896182129676781e-7
125,2.2621159415989155e-7,6.962076992640643e-7
126,-1.805428550044364e-22,7.35264e-7
127,-2.2820654854430861e-7,7.023475375304163e-7
128,-4.3597196447560274e-7,6.000639297365246e-7
129,-6.026753589287333e-7,4.3786927884262156e-7
130,-7.115572949299407e-7,2.3119898012094472e-7
131,-7.514035200000001e-7,-1.4732564734759753e-21
132,-7.176971331962916e-7,-2.3319393450536414e-7
133,-6.131210756975781e-7,-4.454585363106831e-7
134,-4.4735585067769993e-7,-6.157325048897884e-7
135,-2.3618636608200293e-7,-7.269068905958152e-7
136,-2.6323886502822293e-21,-7.6754304e-7
137,2.381813204664197e-7,-7.330467288621673e-7
138,4.5494510814576365e-7,-6.261782216586318e-7
139,6.287896508508436e-7,-4.568424225127783e-7
140,7.422564862616918e-7,-2.4117375204305615e-7
141,7.836825600000001e-7,-1.3436280741122451e-21
142,7.483963245280428e-7,2.431687064274753e-7
143,6.392353676196886e-7,4.644316799808395e-7
144,4.663289943478611e-7,6.418467968118953e-7
145,2.4616113800410925e-7,7.576060819275679e-7
146,-4.950743802358244e-25,7.9982208e-7
147,-2.48156092388531e-7,7.637459201939184e-7
148,-4.7391825181592006e-7,6.522925135807422e-7
149,-6.549039427729506e-7,4.7581556618293947e-7
150,-7.729556775934445e-7,2.5114852396516224e-7
151,-8.159616e-7,4.397775080196673e-21
152,-7.790955158597956e-7,-2.5314347834958116e-7
153,-6.653496595417957e-7,-4.834048236510005e-7
154,-4.853021380180177e-7,-6.679610887340056e-7
155,-2.561359099262153e-7,-7.883052732593208e-7
156,-3.057604974005746e-21,-8.3210112e-7
157,2.5813086431063685e-7,-7.944451115256712e-7
158,4.928913954860812e-7,-6.784068055028493e-7
159,6.810182346950573e-7,-4.947887098531008e-7
160,8.036548689251955e-7,-2.6112329588727393e-7
161,8.482406400000001e-7,-1.6620722954923238e-21
162,8.097947071915468e-7,2.6311825027169254e-7
163,6.914639514639028e-7,5.023779673211617e-7
164,5.04275281688179e-7,6.940753806561126e-7
165,2.661106818483269e-7,8.190044645910718e-7
166,2.1117704465640428e-22,8.6438016e-7
167,-2.6810563623274245e-7,8.251443028574242e-7
168,-5.118645391562374e-7,7.045210974249599e-7
169,-7.071325266171677e-7,5.137618535232574e-7
170,-8.343540602569482e-7,2.710980678093799e-7
171,-8.805196800000001e-7,-1.295080778502012e-21
172,-8.404938985232997e-7,-2.7309302219379814e-7
173,-7.175782433860132e-7,-5.213511109913179e-7
174,-5.232484253583355e-7,-7.201896725782229e-7
175,-2.7608545377043883e-7,-8.497036559228226e-7
176,-3.514445636141703e-21,-8.966592e-7
177,2.7808040815485394e-7,-8.558434941891751e-7
178,5.308376828263987e-7,-7.306353893470668e-7
179,7.332468185392783e-7,-5.327349971934138e-7
180,8.65053251588699e-7,-2.8107283973149177e-7
181,9.127987200000001e-7,-2.012140855284842e-21
182,8.711930898550508e-7,2.8306779411590973e-7
183,7.436925353081239e-7,5.40324254661474e-7
184,5.422215690284971e-7,7.463039645003296e-7
185,2.8606022569254465e-7,8.804028472545754e-7
186,4.544735021054838e-22,9.2893824e-7
187,-2.8805518007696553e-7,8.86542685520926e-7
188,-5.498108264965545e-7,7.567496812691775e-7
189,-7.593611104613849e-7,5.517081408635754e-7
190,-8.95752442920452e-7,2.910476116535976e-7
191,-9.450777600000001e-7,5.556624947567903e-21
192,-9.018922811868037e-7,-2.930425660380151e-7
193,-7.698068272302309e-7,-5.592973983316354e-7
194,-5.611947126986534e-7,-7.724182564224402e-7
195,-2.960349976146503e-7,-9.111020385863284e-7
196,-4.0029106366901e-21,-9.6121728e-7
197,2.9802995199907087e-7,-9.172418768526791e-7
198,5.68783970166716e-7,-7.828639731912843e-7
199,7.854754023834915e-7,-5.706812845337372e-7
200,9.264516342522028e-7,-3.010223835757097e-7
201,9.773568000000002e-7,-2.3938337534898e-21
202,9.325914725185546e-7,3.030173379601269e-7
203,7.959211191523378e-7,5.782705420017969e-7
204,5.801678563688152e-7,7.985325483445466e-7
205,3.060097695367691e-7,9.41801229918077e-7
206,7.788610229770922e-21,9.9349632e-7
207,-3.0800472392117606e-7,9.479410681844322e-7
208,-5.877571138368718e-7,8.089782651133953e-7
209,-8.115896943056022e-7,5.896544282038932e-7
210,-9.571508255839557e-7,3.109971554978152e-7
211,-1.0096358399999998e-6,-9.904077298782906e-22
212,-9.632906638503053e-7,-3.1299210988223884e-7
213,-8.220354110744444e-7,-5.972436856719585e-7
214,-5.991410000389773e-7,-8.246468402666532e-7
215,-3.1598454145887476e-7,-9.7250042124983e-7
216,-4.522999975650935e-21,-1.02577536e-6
217,3.1797949584328796e-7,-9.78640259516183e-7
218,6.067302575070336e-7,-8.35092557035502e-7
219,8.377039862277128e-7,-6.086275718740494e-7
220,9.878500169157087e-7,-3.209719274199205e-7
221,1.0419148800000001e-6,-1.0210401482750762e-20
222,9.939898551820607e-7,3.229668818043369e-7
223,8.481497029965595e-7,6.162168293421082e-7
224,6.181141437091334e-7,8.507611321887638e-7
225,3.259593133809802e-7,1.0031996125815828e-6
226,1.0359394322409614e-21,1.0580544e-6
227,-3.2795426776540003e-7,1.009339450847934e-6
228,-6.257034011771952e-7,8.612068489576084e-7
229,-8.638182781498237e-7,6.276007155442051e-7
230,-1.018549208247457e-6,3.3094669934204013e-7
231,-1.07419392e-6,6.841972168588891e-21
232,-1.0246890465138114e-6,-3.329416537264489e-7
233,-8.742639949186662e-7,-6.351899730122699e-7
234,-6.370872873792892e-7,-8.768754241108745e-7
235,-3.359340853030855e-7,-1.0338988039133359e-6
236,2.6725714004589997e-21,-1.09033344e-6
237,3.3792903968749754e-7,-1.0400386421796896e-6
238,6.446765448473446e-7,-8.873211408797241e-7
239,8.899325700719255e-7,-6.465738592143736e-7
240,1.04924839957921e-6,-3.409214712641455e-7
241,1.10647296e-6,-3.252092565137034e-21
242,1.0553882378455624e-6,3.42916425648561e-7
243,9.003782868407727e-7,6.541631166824317e-7
244,6.560604310494451e-7,9.029897160329855e-7
245,3.459088572251905e-7,1.064597995245089e-6
246,9.350750332303667e-21,1.12261248e-6
247,-3.479038116096096e-7,1.0707378335114403e-6
248,-6.636496885175063e-7,9.134354328018307e-7
249,-9.160468619940364e-7,6.655470028845294e-7
250,-1.0799475909109633e-6,3.5089624318625066e-7
251,-1.138752e-6,-5.592373276048112e-22
252,-1.086087429177313e-6,-3.528911975706734e-7
253,-9.264925787628886e-7,-6.731362603525806e-7
254,-6.750335747196137e-7,-9.29104007955087e-7
255,-3.558836291473109e-7,-1.0952971865768371e-6
256,-5.6580516688099256e-21,-1.1548915199999999e-6
257,3.578785835317219e-7,-1.101437024843191e-6
258,6.826228321876683e-7,-9.395497247239371e-7
259,9.421611539161474e-7,-6.845201465546851e-7
260,1.1106467822427163e-6,-3.608710151083556e-7
261,1.17103104e-6,4.592017509636643e-21
262,1.116786620509069e-6,3.6286596949277016e-7
263,9.526068706849953e-7,6.921094040227424e-7
264,6.940067183897696e-7,9.552182998771979e-7
265,3.65858401069416e-7,1.1259963779085902e-6
266,1.7439027160261973e-21,1.18717056e-6
267,-3.678533554538344e-7,1.1321362161749417e-6
268,-7.015959758578304e-7,9.656640166460435e-7
269,-9.682754458382485e-7,7.034932902248545e-7
270,-1.1413459735744643e-6,3.7084578703047654e-7
271,-1.2033100800000001e-6,8.253816743259638e-21
272,-1.1474858118408197e-6,-3.7284074141488254e-7
273,-9.787211626071015e-7,-7.110825476929046e-7
274,-7.129798620599252e-7,-9.813325917993092e-7
275,-3.7583317299152074e-7,-1.1566955692403433e-6
276,2.3916965260475186e-21,-1.2194496e-6
277,3.778281273759471e-7,-1.1628354075066923e-6
278,7.205691195279785e-7,-9.9177830856816e-7
279,9.943897377603596e-7,-7.224664338950101e-7
280,1.1720451649062174e-6,-3.8082055895258146e-7
281,1.23558912e-6,-4.2368487304340255e-21
282,1.1781850031725704e-6,3.8281551333699514e-7
283,1.004835454529208e-6,7.300556913630667e-7
284,7.319530057300806e-7,1.0074468837214203e-6
285,3.8580794491364223e-7,1.1873947605720912e-6
286,1.103938778848617e-20,1.25172864e-6
287,-3.8780289929804305e-7,1.1935345988384483e-6
288,-7.395422631981407e-7,1.0178926004902661e-6
289,-1.0205040296824707e-6,7.414395775651656e-7
290,-1.2027443562379704e-6,3.907953308746862e-7
291,-1.26786816e-6,-1.5695716815738196e-24
292,-1.208884194504321e-6,-3.92790285259108e-7
293,-1.030949746451314e-6,-7.490288350332291e-7
294,-7.509261494002505e-7,-1.0335611756435208e-6
295,-3.957827168357471e-7,-1.2180939519038443e-6
296,-6.919600715618674e-21,-1.28400768e-6
297,3.977776712201557e-7,-1.2242337901701988e-6
298,7.585154068683029e-7,-1.0440068924123724e-6
299,1.0466183216045818e-6,-7.604127212353209e-7
300,1.233443547569724e-6,-4.007701027967907e-7
301,1.3001472e-6,-1.401476480448952e-20
302,1.2395833858360771e-6,4.0276505718120334e-7
303,1.057064038373431e-6,7.680019787033767e-7
304,7.69899293070406e-7,1.0596754675656321e-6
305,4.0575748875785175e-7,1.2487931432355974e-6
306,2.578363353461191e-21,1.31628672e-6
307,-4.077524431422686e-7,1.2549329815019495e-6
308,-7.774885505384653e-7,1.0701211843344786e-6
309,-1.072732613526693e-6,7.793858649054761e-7
310,-1.2641427389014712e-6,4.1074487471891306e-7
311,-1.33242624e-6,9.792158671580142e-21
312,-1.2702825771678279e-6,-4.1273982910331615e-7
313,-1.083178330295537e-6,-7.86975122373539e-7
314,-7.888724367405612e-7,-1.0857897594877434e-6
315,-4.157322606799562e-7,-1.2794923345673508e-6
316,1.984324297986279e-21,-1.34856576e-6
317,4.1772721506436347e-7,-1.285632172833706e-6
318,7.964616942086125e-7,-1.0962354762565958e-6
319,1.0988469054487934e-6,-7.983590085756467e-7
320,1.2948419302332247e-6,-4.207196466410176e-7
321,1.3647052800000001e-6,-5.3481022493807766e-21
322,1.3009817684995784e-6,4.2271460102542917e-7
323,1.1092926222176432e-6,8.059482660437017e-7
324,8.078455804107163e-7,1.1119040514098545e-6
325,4.257070326020604e-7,1.3101915258991041e-6
326,1.2854522598318429e-20,1.3808448e-6
327,-4.2770198698647633e-7,1.3163313641654565e-6
328,-8.154348378787749e-7,1.1223497681787019e-6
329,-1.1249611973709047e-6,8.173321522458017e-7
330,-1.3255411215649778e-6,4.3069441856312184e-7
331,-1.39698432e-6,6.8259553789142165e-22
332,-1.3316809598313287e-6,-4.326893729475423e-7
333,-1.1354069141397607e-6,-8.24921409713848e-7
334,-8.268187240808874e-7,-1.1380183433319546e-6
335,-4.3568180452418345e-7,-1.3408907172308517e-6
336,-8.307647116077181e-21,-1.4131238400000002e-6
337,4.376767589085895e-7,-1.347030555497207e-6
338,8.344079815489375e-7,-1.1484640601008079e-6
339,1.1510754892930164e-6,-8.363052959159568e-7
340,1.3562403128967317e-6,-4.40669190485226e-7
341,1.42926336e-6,4.20436146288792e-21
342,1.3623801511630856e-6,4.4266414486963646e-7
343,1.161521206061867e-6,8.438945533840108e-7
344,8.457918677510426e-7,1.1641326352540662e-6
345,4.4565657644628774e-7,1.3715899085626047e-6
346,3.5393213445459426e-21,1.44540288e-6
347,-4.4765153083070274e-7,1.3777297468289575e-6
348,-8.533811252191003e-7,1.1745783520229137e-6
349,-1.177189781215116e-6,8.552784395861284e-7
350,-1.3869395042284786e-6,4.506439624073496e-7
351,-1.4615424e-6,1.1456997953550405e-20
352,-1.3930793424948357e-6,-4.5263891679174954e-7
353,-1.1876354979839727e-6,-8.628676970541733e-7
354,-8.647650114211974e-7,-1.1902469271761777e-6
355,-4.5563134836839176e-7,-1.4022890998943582e-6
356,1.4504547162752823e-21,-1.4776819200000001e-6
357,4.576263027528163e-7,-1.408428938160708e-6
358,8.723542688892462e-7,-1.2006926439450318e-6
359,1.2033040731372274e-6,-8.742515832562834e-7
360,1.4176386955602317e-6,-4.606187343294538e-7
361,1.4938214400000003e-6,-6.5858531219772845e-21
362,1.4237785338265866e-6,4.62613688713863e-7
363,1.2137497899060786e-6,8.818408407243365e-7
364,8.837381550913523e-7,1.2163612190982894e-6
365,4.6560612029051595e-7,1.432988291226105e-6
366,1.479615476180045e-20,1.50996096e-6
367,-4.676010746749095e-7,1.4391281294924647e-6
368,-8.913274125594089e-7,1.2268069358671376e-6
369,-1.229418365059339e-6,8.932247269264383e-7
370,-1.4483378868919854e-6,4.705935062515576e-7
371,-1.52610048e-6,1.493258001114175e-21
372,-1.4544777251583365e-6,-4.725884606359766e-7
373,-1.2398640818281842e-6,-9.008139843944992e-7
374,-9.027112987615243e-7,-1.2424755110203883e-6
375,-4.7558089221261997e-7,-1.4636874825578588e-6
376,-9.822190870185445e-21,-1.54224e-6
377,4.775758465970231e-7,-1.469827320824215e-6
378,9.103005562295721e-7,-1.2529212277892434e-6
379,1.2555326569814507e-6,-9.121978705965929e-7
380,1.4790370782237389e-6,-4.805682781736615e-7
381,1.5583795200000002e-6,-1.8325117540827316e-20
382,1.4851769164900938e-6,4.825632325580693e-7
383,1.2659783737503027e-6,9.197871280646447e-7
384,9.216844424316792e-7,1.2685898029425002e-6
385,4.855556641347238e-7,1.494386673889612e-6
386,4.626776689280452e-21,1.57451904e-6
387,-4.875506185191367e-7,1.5005265121559653e-6
388,-9.29273699899735e-7,1.279035519711349e-6
389,-1.2816469489035624e-6,9.311710142667473e-7
390,-1.5097362695554854e-6,4.905430500957863e-7
391,-1.59065856e-6,1.3248334589170426e-20
392,-1.515876107821844e-6,-4.925380044801828e-7
393,-1.2920926656724083e-6,-9.387602717348076e-7
394,-9.406575861018337e-7,-1.294704094864612e-6
395,-4.955304360568274e-7,-1.5250858652213658e-6
396,7.900877809145271e-22,-1.60679808e-6
397,4.97525390441229e-7,-1.5312257034877226e-6
398,9.482468435698799e-7,-1.305149811633468e-6
399,1.307761240825661e-6,-9.501441579369201e-7
400,1.5404354608872388e-6,-5.005178220178902e-7
401,1.6229376000000002e-6,-7.950101348223551e-21
402,1.5465752991535944e-6,5.025127764022968e-7
403,1.3182069575945139e-6,9.57733415404971e-7
404,9.596307297719882e-7,1.320818386786724e-6
405,5.055052079789309e-7,1.5557850565531193e-6
406,1.6864284278932223e-20,1.63907712e-6
407,-5.075001623633425e-7,1.561924894819473e-6
408,-9.672199872400432e-7,1.3312641035555733e-6
409,-1.333875532747759e-6,9.691173016070936e-7
410,-1.5711346522189925e-6,5.104925939399936e-7
411,-1.65521664e-6,2.5952461011211505e-20
412,-1.5772744904853445e-6,-5.124875483244108e-7
413,-1.344321249516633e-6,-9.767065590751152e-7
414,-9.78603873442142e-7,-1.3469326787088358e-6
415,-5.154799799010566e-7,-1.5864842478848656e-6
416,1.2288167589174449e-20,-1.67135616e-6
417,5.174749342854565e-7,-1.5926240861512235e-6
418,9.861931309101871e-7,-1.357378395477693e-6
419,1.359989824669885e-6,-9.880904452772289e-7
420,1.6018338435507388e-6,-5.204673658621197e-7
421,1.68749568e-6,3.310716001540164e-21
422,3.9633408000000003e-7,0.0
423,3.800060285470199e-7,1.234714433621708e-7
424,3.258638645543817e-7,2.36753955938937e-7
425,2.386512703059529e-7,3.284752937465926e-7
426,1.2646387493880347e-7,3.8921578594654545e-7
427,2.5256723698639287e-23,4.124736e-7
428,-1.2845882932322514e-7,3.953556242128959e-7
429,-2.4624052777401634e-7,3.3892101051543604e-7
430,-3.4153243970764687e-7,2.4813784214103237e-7
431,-4.045653816124214e-7,1.3145126089985783e-7
432,-4.2861312e-7,5.248996854805605e-23
433,-4.107052198787719e-7,-1.3344621528427948e-7
434,-3.5197815647649043e-7,-2.5572709960909577e-7
435,-2.5762441397611174e-7,-3.5458958566870126e-7
436,-1.364386468609122e-7,-4.199149772782974e-7
437,-8.169973454825026e-23,-4.4475264000000006e-7
438,1.3843360124533382e-7,-4.260548155446478e-7
439,2.6521367144417514e-7,-3.650353024375448e-7
440,3.6764673162975564e-7,-2.6711098581119126e-7
441,4.3526457294417334e-7,-1.414260328219666e-7
442,4.6089216000000005e-7,-1.1288602169922197e-22
443,4.414044112105238e-7,1.4342098720638813e-7
444,3.780924483985992e-7,2.7470024327925456e-7
445,2.7659755764627063e-7,3.8070387759080987e-7
446,1.46413418783021e-7,4.506141686100493e-7
447,1.4604883000097113e-22,4.7703168e-7
448,-1.4840837316744247e-7,4.567540068763998e-7
449,-2.8418681511433393e-7,3.911495943596535e-7
450,-3.937610235518642e-7,2.8608412948135006e-7
451,-4.659637642759252e-7,1.514008047440754e-7
452,-4.931712e-7,1.8118815945349777e-22
453,-4.721036025422757e-7,-1.5339575912849678e-7
454,-4.0420674032070793e-7,-2.936733869494133e-7
455,-2.9557070131642953e-7,-4.068181695129186e-7
456,-1.5638819070512977e-7,-4.813133599418011e-7
457,-2.1830401005680183e-22,-5.093107200000001e-7
458,1.583831450895511e-7,-4.874531982081517e-7
459,3.031599587844927e-7,-4.172638862817623e-7
460,4.1987531547397293e-7,-3.0505727315150896e-7
461,4.96662955607677e-7,-1.6137557666618416e-7
462,5.2545024e-7,-2.5739638181088343e-22
463,5.028027938740276e-7,1.633705310506054e-7
464,4.303210322428167e-7,3.1264653061957204e-7
465,3.1454384498658843e-7,4.329324614350272e-7
466,1.6636296262723853e-7,5.120125512735531e-7
467,2.9846527471574247e-22,5.4158976e-7
468,-1.6835791701165972e-7,5.181523895399036e-7
469,-3.2213310245465146e-7,4.433781782038711e-7
470,-4.459896073960816e-7,3.2403041682166785e-7
471,-5.27362146939429e-7,1.7135034858829294e-7
472,-5.5772928e-7,3.41510688771379e-22
473,-5.335019852057799e-7,-1.7334530297271308e-7
474,-4.564353241649254e-7,-3.3161967428973083e-7
475,-3.3351698865674654e-7,-4.5904675335713646e-7
476,-1.7633773454934734e-7,-5.427117426053049e-7
477,-1.4059283917762073e-21,-5.738688e-7
478,1.7833268893376835e-7,-5.488515808716555e-7
479,3.4110624612481115e-7,-4.6949247012597923e-7
480,4.7210389931819016e-7,-3.430035604918268e-7
481,5.580613382711805e-7,-1.8132512051040268e-7
482,5.900083200000001e-7,-4.335310803349844e-22
483,5.642011765375312e-7,1.8332007489482366e-7
484,4.825496160870342e-7,3.505928179598897e-7
485,3.52490132326907e-7,4.851610452792439e-7
486,1.8631250647145612e-7,5.734109339370568e-7
487,-5.942288034287353e-22,6.0614784e-7
488,-1.8830746085587695e-7,5.795507722034075e-7
489,-3.6007938979496815e-7,4.956067620480893e-7
490,-4.982181912402988e-7,3.619767041619857e-7
491,-5.887605296029331e-7,1.9129989243250948e-7
492,-6.222873600000001e-7,5.3345755650169975e-22
493,-5.949003678692838e-7,-1.932948468169302e-7
494,-5.086639080091429e-7,-3.6956596163004847e-7
495,-3.714632759970643e-7,-5.112753372013538e-7
496,-1.962872783935649e-7,-6.041101252688087e-7
497,-1.7204595310561865e-21,-6.3842688e-7
498,1.9828223277798554e-7,-6.102499635351595e-7
499,3.790525334651287e-7,-5.217210539701967e-7
500,5.243324831624075e-7,-3.8094984783214466e-7
501,6.194597209346843e-7,-2.0127466435462043e-7
502,6.545664e-7,-6.412901172715248e-22
503,6.255995592010351e-7,2.0326961873904097e-7
504,5.347781999312518e-7,3.8853910530020716e-7
505,3.9043641966722503e-7,5.373896291234612e-7
506,2.0626205031567374e-7,6.348093166005606e-7
507,-4.932418688356336e-22,6.7070592e-7
508,-2.0825700470009412e-7,6.409491548669114e-7
509,-3.9802567713528547e-7,5.478353458923069e-7
510,-5.504467750845161e-7,3.999229915023036e-7
511,-6.501589122664369e-7,2.1124943627672702e-7
512,-6.868454400000001e-7,7.570287626444599e-22
513,-6.562987505327876e-7,-2.1324439066114726e-7
514,-5.608924918533605e-7,-4.075122489703659e-7
515,-4.0940956333738197e-7,-5.635039210455711e-7
516,-2.1623682223778253e-7,-6.655085079323124e-7
517,-2.0666150087486053e-21,-7.029849600000001e-7
518,2.1823177662220272e-7,-6.716483461986634e-7
519,4.1699882080544627e-7,-5.739496378144142e-7
520,5.765610670066248e-7,-4.188961351724625e-7
521,6.80858103598188e-7,-2.2122420819883816e-7
522,7.191244800000001e-7,-8.80673492620505e-22
523,6.86997941864539e-7,2.232191625832583e-7
524,5.870067837754707e-7,4.264853926405225e-7
525,4.28382707007543e-7,5.896182129676783e-7
526,2.2621159415989136e-7,6.962076992640643e-7
527,-3.606305958300923e-22,7.35264e-7
528,-2.282065485443138e-7,7.023475375304145e-7
529,-4.359719644756029e-7,6.000639297365245e-7
530,-6.026753589287334e-7,4.3786927884262146e-7
531,-7.115572949299407e-7,2.3119898012094454e-7
532,-7.514035200000001e-7,3.681745871002506e-21
533,-7.176971331962916e-7,-2.331939345053643e-7
534,-6.13121075697578e-7,-4.4545853631068327e-7
535,-4.4735585067769977e-7,-6.157325048897885e-7
536,-2.3618636608199763e-7,-7.26906890595817e-7
537,-2.4443948248534633e-21,-7.6754304e-7
538,2.3818132046641989e-7,-7.330467288621672e-7
539,4.5494510814576375e-7,-6.261782216586317e-7
540,6.287896508508403e-7,-4.5684242251278263e-7
541,7.422564862616918e-7,-2.4117375204305594e-7
542,7.836825600000001e-7,-1.1516812063819243e-21
543,7.483963245280428e-7,2.431687064274755e-7
544,6.392353676196852e-7,4.644316799808443e-7
545,4.66328994347861e-7,6.418467968118954e-7
546,2.4616113800410904e-7,7.57606081927568e-7
547,-1.9639498441211147e-22,7.9982208e-7
548,-2.4815609238852573e-7,7.637459201939201e-7
549,-4.739182518159203e-7,6.52292513580742e-7
550,-6.549039427729507e-7,4.758155661829393e-7
551,-7.729556775934445e-7,2.5114852396516213e-7
552,-8.159616e-7,-1.5998337475286441e-21
553,-7.790955158597956e-7,-2.531434783495813e-7
554,-6.653496595417956e-7,-4.834048236510006e-7
555,-4.853021380180176e-7,-6.679610887340057e-7
556,-2.5613590992622063e-7,-7.88305273259319e-7
557,-2.853798979370761e-21,-8.3210112e-7
558,2.58130864310637e-7,-7.944451115256712e-7
559,4.928913954860814e-7,-6.784068055028491e-7
560,6.81018234695061e-7,-4.947887098530958e-7
561,8.036548689251955e-7,-2.611232958872737e-7
562,8.482406400000001e-7,-1.4543132585557833e-21
563,8.097947071915467e-7,2.6311825027169264e-7
564,6.914639514639061e-7,5.02377967321157e-7
565,5.04275281688179e-7,6.940753806561126e-7
566,2.661106818483267e-7,8.190044645910718e-7
567,-5.350345816911465e-25,8.6438016e-7
568,-2.681056362327485e-7,8.251443028574222e-7
569,-5.118645391562376e-7,7.045210974249599e-7
570,-7.071325266171679e-7,5.137618535232572e-7
571,-8.343540602569482e-7,2.710980678093797e-7
572,-8.805196800000001e-7,4.745722723136417e-21
573,-8.404938985232997e-7,-2.7309302219379836e-7
574,-7.175782433860131e-7,-5.213511109913181e-7
575,-5.232484253583355e-7,-7.20189672578223e-7
576,-2.760854537704326e-7,-8.497036559228247e-7
577,-3.2948274723004977e-21,-8.966592e-7
578,2.780804081548541e-7,-8.558434941891751e-7
579,5.308376828263989e-7,-7.306353893470667e-7
580,7.332468185392746e-7,-5.327349971934188e-7
581,8.650532515886991e-7,-2.8107283973149156e-7
582,9.127987200000001e-7,-1.788569649142082e-21
583,8.711930898550507e-7,2.8306779411590995e-7
584,7.436925353081201e-7,5.403242546614794e-7
585,5.422215690284969e-7,7.463039645003297e-7
586,2.8606022569254444e-7,8.804028472545755e-7
587,2.269492536611687e-22,9.2893824e-7
588,-2.880551800769595e-7,8.865426855209281e-7
589,-5.498108264965549e-7,7.567496812691775e-7
590,-7.593611104613851e-7,5.517081408635752e-7
591,-8.957524429204521e-7,2.910476116535973e-7
592,-9.450777600000001e-7,-1.3900337141422412e-21
593,-9.018922811868036e-7,-2.9304256603801534e-7
594,-7.698068272302308e-7,-5.592973983316355e-7
595,-5.611947126986532e-7,-7.724182564224403e-7
596,-2.960349976146566e-7,-9.111020385863263e-7
597,-3.767480303642675e-21,-9.6121728e-7
598,2.980299519990712e-7,-9.17241876852679e-7
599,5.687839701667162e-7,-7.828639731912843e-7
600,7.854754023834956e-7,-5.706812845337314e-7
601,9.264516342522028e-7,-3.0102238357570944e-7
602,9.773568000000002e-7,-2.15445037814082e-21
603,9.325914725185546e-7,3.030173379601271e-7
604,7.959211191523416e-7,5.782705420017914e-7
605,5.80167856368815e-7,7.985325483445468e-7
606,3.0600976953676217e-7,9.418012299180793e-7
607,4.86057880316468e-22,9.9349632e-7
608,-3.0800472392118304e-7,9.4794106818443e-7
609,-5.87757113836872e-7,8.089782651133952e-7
610,-8.115896943056023e-7,5.896544282038932e-7
611,-9.571508255839559e-7,3.10997155497815e-7
612,-1.00963584e-6,5.936196928920088e-21
613,-9.632906638503076e-7,-3.129921098822323e-7
614,-8.220354110744484e-7,-5.972436856719529e-7
615,-5.991410000389711e-7,-8.246468402666576e-7
616,-3.159845414588676e-7,-9.72500421249832e-7
617,-4.27175747339729e-21,-1.02577536e-6
618,3.179794958432882e-7,-9.78640259516183e-7
619,6.067302575070336e-7,-8.350925570355018e-7
620,8.377039862277086e-7,-6.086275718740551e-7
621,9.878500169157064e-7,-3.2097192741992733e-7
622,1.0419148800000001e-6,-2.5519554455519974e-21
623,9.939898551820584e-7,3.2296688180434423e-7
624,8.481497029965552e-7,6.162168293421147e-7
625,6.181141437091331e-7,8.507611321887639e-7
626,3.259593133809871e-7,1.0031996125815805e-6
627,8.29471952497432e-21,1.0580544e-6
628,-3.279542677653931e-7,1.009339450847936e-6
629,-6.257034011771893e-7,8.612068489576129e-7
630,-8.638182781498194e-7,6.276007155442111e-7
631,-1.0185492082474595e-6,3.3094669934203267e-7
632,-1.07419392e-6,-1.0537363271060802e-21
633,-1.0246890465138091e-6,-3.329416537264564e-7
634,-8.742639949186615e-7,-6.351899730122764e-7
635,-6.370872873792954e-7,-8.768754241108702e-7
636,-3.359340853030926e-7,-1.0338988039133336e-6
637,-4.807658981564347e-21,-1.09033344e-6
638,3.379290396875052e-7,-1.040038642179687e-6
639,6.446765448473511e-7,-8.873211408797193e-7
640,8.899325700719302e-7,-6.46573859214367e-7
641,1.0492483995792127e-6,-3.4092147126413775e-7
642,1.10647296e-6,-1.0843048091805374e-20
643,1.0553882378455647e-6,3.4291642564855386e-7
644,9.003782868407772e-7,6.541631166824256e-7
645,6.560604310494513e-7,9.029897160329811e-7
646,3.459088572251978e-7,1.0645979952450866e-6
647,1.0991481488643851e-21,1.12261248e-6
648,-3.479038116096175e-7,1.0707378335114375e-6
649,-6.636496885175129e-7,9.134354328018259e-7
650,-9.160468619940414e-7,6.655470028845226e-7
651,-1.0799475909109607e-6,3.508962431862581e-7
652,-1.138752e-6,7.253168488353516e-21
653,-1.0860874291773154e-6,-3.5289119757066603e-7
654,-9.264925787628837e-7,-6.731362603525874e-7
655,-6.750335747196069e-7,-9.291040079550919e-7
656,-3.5588362914730286e-7,-1.0952971865768397e-6
657,2.8308129731255634e-21,-1.1548915199999999e-6
658,3.578785835317143e-7,-1.1014370248431933e-6
659,6.826228321876618e-7,-9.395497247239417e-7
660,9.421611539161428e-7,-6.845201465546916e-7
661,1.1106467822427138e-6,-3.608710151083632e-7
662,1.17103104e-6,-3.441838595611671e-21
663,1.1167866205090662e-6,3.628659694927783e-7
664,9.526068706849902e-7,6.921094040227495e-7
665,6.940067183897626e-7,9.55218299877203e-7
666,3.6585840106940767e-7,1.1259963779085927e-6
667,9.888483965919507e-21,1.18717056e-6
668,-3.6785335545382664e-7,1.132136216174944e-6
669,-7.015959758578237e-7,9.656640166460482e-7
670,-9.682754458382537e-7,7.034932902248473e-7
671,-1.1413459735744668e-6,3.708457870304681e-7
672,-1.2033100800000001e-6,-5.909415864201614e-22
673,-1.1474858118408167e-6,-3.7284074141489096e-7
674,-9.787211626071064e-7,-7.110825476928979e-7
675,-7.129798620599319e-7,-9.81332591799304e-7
676,-3.758331729915287e-7,-1.1566955692403407e-6
677,-5.9743350131357756e-21,-1.2194496e-6
678,3.7782812737593913e-7,-1.1628354075066948e-6
679,7.205691195279858e-7,-9.917783085681546e-7
680,9.943897377603649e-7,-7.224664338950027e-7
681,1.1720451649062201e-6,-3.8082055895257283e-7
682,1.23558912e-6,4.84517205774198e-21
683,1.178185003172573e-6,3.8281551333698704e-7
684,1.004835454529213e-6,7.300556913630598e-7
685,7.319530057300875e-7,1.0074468837214152e-6
686,3.8580794491363355e-7,1.1873947605720938e-6
687,1.8387357710620604e-21,1.25172864e-6
688,-3.878028992980518e-7,1.1935345988384455e-6
689,-7.395422631981482e-7,1.0178926004902608e-6
690,-1.0205040296824656e-6,7.414395775651727e-7
691,-1.2027443562379679e-6,3.9079533087469443e-7
692,-1.26786816e-6,8.696637401436702e-21
693,-1.2088841945043237e-6,-3.9279028525909964e-7
694,-1.030949746451319e-6,-7.49028835033222e-7
695,-7.509261494002428e-7,-1.0335611756435265e-6
696,-3.957827168357382e-7,-1.2180939519038473e-6
697,2.5183137603016423e-21,-1.28400768e-6
698,3.977776712201647e-7,-1.224233790170196e-6
699,7.585154068682957e-7,-1.0440068924123777e-6
700,1.0466183216045767e-6,-7.604127212353281e-7
701,1.233443547569721e-6,-4.0077010279679914e-7
702,1.3001472e-6,-4.458219099321102e-21
703,1.2395833858360742e-6,4.027650571812125e-7
704,1.0570640383734253e-6,7.680019787033844e-7
705,7.698992930703981e-7,1.0596754675656378e-6
706,4.0575748875786033e-7,1.2487931432355948e-6
707,1.1608745760514446e-20,1.31628672e-6
708,-4.0775244314226003e-7,1.2549329815019523e-6
709,-7.774885505384579e-7,1.070121184334484e-6
710,-1.0727326135266878e-6,7.793858649054834e-7
711,-1.2641427389014742e-6,4.1074487471890374e-7
712,-1.33242624e-6,-1.6494920844844638e-24
713,-1.2702825771678247e-6,-4.127398291033255e-7
714,-1.0831783302955313e-6,-7.869751223735469e-7
715,-7.888724367405687e-7,-1.085789759487738e-6
716,-4.15732260679965e-7,-1.2794923345673479e-6
717,-7.267508398356963e-21,-1.34856576e-6
718,4.177272150643729e-7,-1.2856321728337028e-6
719,7.964616942086205e-7,-1.09623547625659e-6
720,1.0988469054487993e-6,-7.983590085756387e-7
721,1.2948419302332277e-6,-4.207196466410081e-7
722,1.3647052800000001e-6,-1.4710660090369013e-20
723,1.3009817684995811e-6,4.2271460102542027e-7
724,1.109292622217649e-6,8.05948266043694e-7
725,8.078455804107239e-7,1.1119040514098493e-6
726,4.257070326020694e-7,1.3101915258991012e-6
727,2.7048207469094937e-21,1.3808448e-6
728,-4.2770198698648597e-7,1.3163313641654533e-6
729,-8.154348378787831e-7,1.122349768178696e-6
730,-1.1249611973709108e-6,8.173321522457936e-7
731,-1.325541121564975e-6,4.30694418563131e-7
732,-1.39698432e-6,1.0266603668169644e-20
733,-1.3316809598313317e-6,-4.326893729475332e-7
734,-1.1354069141397548e-6,-8.249214097138565e-7
735,-8.268187240808792e-7,-1.1380183433319608e-6
736,-4.356818045241737e-7,-1.3408907172308549e-6
737,2.079317193827964e-21,-1.4131238400000002e-6
738,4.376767589085802e-7,-1.34703055549721e-6
739,8.344079815489298e-7,-1.1484640601008136e-6
740,1.1510754892930105e-6,-8.363052959159648e-7
741,1.3562403128967287e-6,-4.4066919048523533e-7
742,1.42926336e-6,-5.6010969566802925e-21
743,1.3623801511630822e-6,4.4266414486964647e-7
744,1.1615212060618606e-6,8.438945533840193e-7
745,8.457918677510339e-7,1.164132635254072e-6
746,4.4565657644627763e-7,1.3715899085626081e-6
747,1.3455504908759147e-20,1.44540288e-6
748,-4.476515308306932e-7,1.3777297468289605e-6
749,-8.533811252190924e-7,1.1745783520229194e-6
750,-1.177189781215122e-6,8.552784395861197e-7
751,-1.3869395042284816e-6,4.5064396240733946e-7
752,-1.4615424e-6,7.141399559009505e-22
753,-1.3930793424948325e-6,-4.5263891679175975e-7
754,-1.1876354979839785e-6,-8.628676970541651e-7
755,-8.647650114212054e-7,-1.1902469271761718e-6
756,-4.5563134836840134e-7,-1.4022890998943553e-6
757,-8.68717913722791e-21,-1.4776819200000001e-6
758,4.576263027528066e-7,-1.408428938160711e-6
759,8.723542688892552e-7,-1.2006926439450254e-6
760,1.2033040731372338e-6,-8.742515832562744e-7
761,1.4176386955602353e-6,-4.606187343294433e-7
762,1.4938214400000003e-6,4.3942673341683786e-21
763,1.4237785338265896e-6,4.626136887138533e-7
764,1.2137497899060847e-6,8.81840840724328e-7
765,8.837381550913607e-7,1.2163612190982833e-6
766,4.6560612029050536e-7,1.4329882912261085e-6
767,3.697403076406685e-21,1.50996096e-6
768,-4.676010746749201e-7,1.4391281294924611e-6
769,-8.913274125594181e-7,1.226806935867131e-6
770,-1.2294183650593328e-6,8.932247269264466e-7
771,-1.448337886891982e-6,4.7059350625156756e-7
772,-1.52610048e-6,1.1963067288552348e-20
773,-1.4544777251583397e-6,-4.725884606359666e-7
774,-1.2398640818281903e-6,-9.008139843944907e-7
775,-9.027112987615152e-7,-1.242475511020395e-6
776,-4.755808922126093e-7,-1.463687482557862e-6
777,1.5138232737045271e-21,-1.54224e-6
778,4.775758465970339e-7,-1.4698273208242116e-6
779,9.103005562295634e-7,-1.2529212277892496e-6
780,1.2555326569814445e-6,-9.121978705966015e-7
781,1.4790370782237355e-6,-4.805682781736715e-7
782,1.5583795200000002e-6,-6.870472167689241e-21
783,1.4851769164900902e-6,4.825632325580802e-7
784,1.2659783737502959e-6,9.19787128064654e-7
785,9.216844424316699e-7,1.2685898029425068e-6
786,4.85555664134734e-7,1.4943866738896087e-6
787,1.5428761410653606e-20,1.57451904e-6
788,-4.875506185191264e-7,1.5005265121559685e-6
789,-9.292736998997263e-7,1.2790355197113552e-6
790,-1.281646948903556e-6,9.311710142667559e-7
791,-1.509736269555489e-6,4.905430500957752e-7
792,-1.59065856e-6,1.5564267575361435e-21
793,-1.5158761078218403e-6,-4.92538004480194e-7
794,-1.2920926656724013e-6,-9.38760271734817e-7
795,-9.406575861018425e-7,-1.2947040948646052e-6
796,-4.95530436056838e-7,-1.5250858652213624e-6
797,-1.0233347229748613e-20,-1.60679808e-6
798,4.975253904412402e-7,-1.531225703487719e-6
799,9.482468435698896e-7,-1.305149811633461e-6
800,1.307761240825668e-6,-9.501441579369107e-7
801,1.5404354608872424e-6,-5.005178220178788e-7
802,1.6229376000000002e-6,-1.9084261503531686e-20
803,1.546575299153598e-6,5.025127764022862e-7
804,1.3182069575945204e-6,9.57733415404962e-7
805,9.596307297719971e-7,1.3208183867867173e-6
806,5.055052079789414e-7,1.5557850565531157e-6
807,4.816482759553635e-21,1.63907712e-6
808,-5.07500162363354e-7,1.5619248948194693e-6
809,-9.672199872400527e-7,1.3312641035555663e-6
810,-1.3338755327477798e-6,9.691173016070648e-7
811,-1.571134652218989e-6,5.104925939400043e-7
812,-1.65521664e-6,1.3786028262584806e-20
813,-1.577274490485348e-6,-5.124875483244e-7
814,-1.3443212495166258e-6,-9.76706559075125e-7
815,-9.786038734421514e-7,-1.346932678708829e-6
816,-5.154799799010448e-7,-1.5864842478848696e-6
817,8.218319999313327e-22,-1.67135616e-6
818,5.174749342854456e-7,-1.592624086151227e-6
819,9.86193130910197e-7,-1.3573783954776857e-6
820,1.359989824669878e-6,-9.880904452772382e-7
821,1.6018338435507426e-6,-5.204673658621079e-7
822,1.6874956800000001e-6,-8.266344732347947e-21
823,1.6079736818170984e-6,5.22462320246514e-7
824,1.3704355414387314e-6,9.956797027452885e-7
825,9.975770171123057e-7,1.3730469706309414e-6
826,5.254547518231483e-7,1.6171834392166233e-6
827,1.7528515266197822e-20,1.7036351999999999e-6
828,-5.274497062075594e-7,1.623323277482977e-6
829,-1.0051662745803603e-6,1.3834926873997909e-6
830,-1.3861041165919757e-6,1.0070635889474122e-6
831,-1.6325330348824961e-6,5.304421377842112e-7
832,-1.71977472e-6,2.69646796016183e-20
833,-1.6386728731488483e-6,-5.324370921686282e-7
834,-1.3965498333608508e-6,-1.0146528464154322e-6
835,-1.0165501607824596e-6,-1.3991612625530534e-6
836,-5.354295237452745e-7,-1.6478826305483694e-6
837,1.276281238677123e-20,-1.7359142400000002e-6
838,5.374244781296735e-7,-1.654022468814727e-6
839,1.0241394182505038e-6,-1.4096069793219109e-6
840,1.4122184085141023e-6,-1.0260367326175466e-6
841,1.6632322262142426e-6,-5.40416909706338e-7
842,1.75205376e-6,3.437373195995743e-21
