coh_id,n1_bot,n2_bot,n4_top,n3_top,length,layer_idx
1,1241,1081,2844,2684,1.2911616e-7,1
2,1081,921,2684,2524,1.2911616000000005e-7,1
3,921,761,2524,2364,1.2911615999999992e-7,1
4,761,601,2364,2204,1.2911616e-7,1
5,601,1642,2204,3245,8.450059802545475e-7,1
6,1642,1482,3245,3085,1.2911615999999987e-7,1
7,1482,1322,3085,2925,1.2911615999999992e-7,1
8,1322,1162,2925,2765,1.2911616000000008e-7,1
9,1162,1002,2765,2605,1.2911615999999995e-7,1
10,1002,1562,2605,3165,4.5190655999999983e-7,1
11,1562,1402,3165,3005,1.291161599999998e-7,1
12,1402,1242,3005,2845,1.2911616000000008e-7,1
13,1242,1082,2845,2685,1.2911615999999995e-7,1
14,1082,842,2685,2445,1.936742400000001e-7,1
15,842,922,2445,2525,6.455808000000007e-8,1
16,922,762,2525,2365,1.2911615999999992e-7,1
17,762,602,2365,2205,1.2911616e-7,1
18,602,682,2205,2285,6.455808e-8,1
19,682,442,2285,2045,1.936742400000001e-7,1
20,442,522,2045,2125,6.455808000000001e-8,1
21,522,122,2125,1725,3.227904e-7,1
22,122,282,1725,1885,1.2911616e-7,1
23,282,362,1885,1965,6.455808000000005e-8,1
24,362,202,1965,1805,1.2911616e-7,1
25,202,1563,1805,3166,1.1004997854016912e-6,1
26,1563,1403,3166,3006,1.2911615999999995e-7,1
27,1403,1243,3006,2846,1.2911615999999987e-7,1
28,1243,1083,2846,2686,1.2911616e-7,1
29,1083,843,2686,2446,1.9367424000000015e-7,1
30,843,923,2446,2526,6.45580799999999e-8,1
31,923,763,2526,2366,1.2911615999999987e-7,1
32,763,603,2366,2206,1.2911615999999987e-7,1
33,603,683,2206,2286,6.455807999999999e-8,1
34,683,523,2286,2126,1.2911616000000013e-7,1
35,523,123,2126,1726,3.2279039999999996e-7,1
36,123,443,1726,2046,2.5823232e-7,1
37,443,1643,2046,3246,9.683711999999998e-7,1
38,1643,283,3246,1886,1.09748736e-6,1
39,283,363,1886,1966,6.455808e-8,1
40,363,1483,1966,3086,9.038131200000001e-7,1
41,1483,203,3086,1806,1.0329292800000002e-6,1
42,203,1323,1806,2926,9.0381312e-7,1
43,1323,1163,2926,2766,1.2911615999999997e-7,1
44,1163,1003,2766,2606,1.2911616000000005e-7,1
45,1003,1564,2606,3167,4.6491941869141533e-7,1
46,1564,1404,3167,3007,1.2911615999999995e-7,1
47,1404,1244,3007,2847,1.2911615999999997e-7,1
48,1244,1084,2847,2687,1.2911616e-7,1
49,1084,924,2687,2527,1.2911616000000019e-7,1
50,924,1644,2527,3247,5.810227200000001e-7,1
51,1644,1484,3247,3087,1.2911616e-7,1
52,1484,1324,3087,2927,1.2911615999999995e-7,1
53,1324,1164,2927,2767,1.2911616e-7,1
54,1164,1004,2767,2607,1.2911616000000003e-7,1
55,1004,284,2607,1887,5.8102272e-7,1
56,284,844,1887,2447,4.5190656e-7,1
57,844,204,2447,1807,5.1646464e-7,1
58,204,764,1807,2367,4.519065600000001e-7,1
59,764,124,2367,1727,5.164646400000001e-7,1
60,124,604,1727,2207,3.8734848e-7,1
61,604,684,2207,2287,6.45580800000001e-8,1
62,684,444,2287,2047,1.9367424000000007e-7,1
63,444,524,2047,2127,6.455807999999991e-8,1
64,524,364,2127,1967,1.2911615999999992e-7,1
65,364,1645,1967,3248,1.0368212011084684e-6,1
66,1645,1485,3248,3088,1.291161600000002e-7,1
67,1485,1325,3088,2928,1.2911615999999995e-7,1
68,1325,1165,2928,2768,1.2911615999999997e-7,1
69,1165,845,2768,2448,2.5823232e-7,1
70,845,1005,2448,2608,1.2911615999999984e-7,1
71,1005,765,2608,2368,1.936742399999998e-7,1
72,765,605,2368,2208,1.2911616000000005e-7,1
73,605,685,2208,2288,6.455808000000007e-8,1
74,685,445,2288,2048,1.9367424000000015e-7,1
75,445,525,2048,2128,6.455807999999997e-8,1
76,525,285,2128,1888,1.936742399999999e-7,1
77,285,365,1888,1968,6.455808e-8,1
78,365,125,1968,1728,1.9367424e-7,1
79,125,205,1728,1808,6.455807999999996e-8,1
80,205,1565,1808,3168,1.09748736e-6,1
81,1565,1405,3168,3008,1.2911616000000008e-7,1
82,1405,1245,3008,2848,1.2911615999999987e-7,1
83,1245,1085,2848,2688,1.291161600000001e-7,1
84,1085,925,2688,2528,1.2911616000000005e-7,1
85,925,1646,2528,3249,5.912255451131939e-7,1
86,1646,1486,3249,3089,1.2911616e-7,1
87,1486,1326,3089,2929,1.2911616e-7,1
88,1326,1166,2929,2769,1.291161599999999e-7,1
89,1166,1006,2769,2609,1.2911616000000019e-7,1
90,1006,446,2609,2049,4.5190656e-7,1
91,446,286,2049,1889,1.2911615999999992e-7,1
92,286,366,1889,1969,6.455808000000001e-8,1
93,366,1566,1969,3169,9.683711999999998e-7,1
94,1566,1406,3169,3009,1.2911616000000005e-7,1
95,1406,1246,3009,2849,1.2911615999999987e-7,1
96,1246,1086,2849,2689,1.2911616000000013e-7,1
97,1086,126,2689,1729,7.7469696e-7,1
98,126,846,1729,2449,5.8102272e-7,1
99,846,926,2449,2529,6.455807999999993e-8,1
100,926,206,2529,1809,5.810227199999999e-7,1
101,206,766,1809,2369,4.519065600000001e-7,1
102,766,606,2369,2209,1.2911616000000019e-7,1
103,606,686,2209,2289,6.45580800000001e-8,1
104,686,526,2289,2129,1.2911616000000013e-7,1
105,526,1567,2129,3170,8.444733744144217e-7,1
106,1567,1407,3170,3010,1.2911616e-7,1
107,1407,1247,3010,2850,1.2911616e-7,1
108,1247,1087,2850,2690,1.2911616000000019e-7,1
109,1087,927,2690,2530,1.2911615999999995e-7,1
110,927,767,2530,2370,1.2911615999999987e-7,1
111,767,847,2370,2450,6.455807999999996e-8,1
112,847,607,2450,2210,1.9367424000000007e-7,1
113,607,687,2210,2290,6.455808000000003e-8,1
114,687,447,2290,2050,1.9367424000000001e-7,1
115,447,527,2050,2130,6.455807999999996e-8,1
116,527,287,2130,1890,1.936742399999999e-7,1
117,287,367,1890,1970,6.455808000000003e-8,1
118,367,207,1970,1810,1.2911616000000003e-7,1
119,207,127,1810,1730,6.455808000000003e-8,1
120,127,1647,1730,3250,1.22660352e-6,1
121,1647,1487,3250,3090,1.2911615999999992e-7,1
122,1487,1327,3090,2930,1.2911616000000003e-7,1
123,1327,1167,2930,2770,1.2911616000000016e-7,1
124,1167,1007,2770,2610,1.2911616000000005e-7,1
125,1007,1568,2610,3171,4.649779873181993e-7,1
126,1568,1408,3171,3011,1.2911616e-7,1
127,1408,1248,3011,2851,1.2911615999999995e-7,1
128,1248,1088,2851,2691,1.2911616000000019e-7,1
129,1088,928,2691,2531,1.2911615999999997e-7,1
130,928,448,2531,2051,3.8734848e-7,1
131,448,1648,2051,3251,9.683712e-7,1
132,1648,288,3251,1891,1.09748736e-6,1
133,288,368,1891,1971,6.455808000000003e-8,1
134,368,1488,1971,3091,9.0381312e-7,1
135,1488,208,3091,1811,1.03292928e-6,1
136,208,1328,1811,2931,9.0381312e-7,1
137,1328,128,2931,1731,9.683712e-7,1
138,128,1168,1731,2771,8.392550399999999e-7,1
139,1168,1008,2771,2611,1.2911615999999997e-7,1
140,1008,848,2611,2451,1.2911615999999997e-7,1
141,848,768,2451,2371,6.455807999999997e-8,1
142,768,608,2371,2211,1.2911616000000013e-7,1
143,608,688,2211,2291,6.455808000000007e-8,1
144,688,528,2291,2131,1.2911616000000003e-7,1
145,528,1409,2131,3012,7.157484625892608e-7,1
146,1409,1089,3012,2692,2.5823232000000005e-7,1
147,1089,1649,2692,3252,4.519065600000001e-7,1
148,1649,1489,3252,3092,1.2911616e-7,1
149,1489,1329,3092,2932,1.2911616e-7,1
150,1329,1169,2932,2772,1.2911616000000013e-7,1
151,1169,1009,2772,2612,1.2911616e-7,1
152,1009,769,2612,2372,1.9367424e-7,1
153,769,849,2372,2452,6.455808000000003e-8,1
154,849,609,2452,2212,1.9367424000000001e-7,1
155,609,689,2212,2292,6.455807999999996e-8,1
156,689,449,2292,2052,1.9367423999999988e-7,1
157,449,529,2052,2132,6.455807999999993e-8,1
158,529,289,2132,1892,1.9367423999999994e-7,1
159,289,369,1892,1972,6.455808000000005e-8,1
160,369,209,1972,1812,1.2911616000000005e-7,1
161,209,129,1812,1732,6.455808e-8,1
162,129,1569,1732,3172,1.16204544e-6,1
163,1569,1249,3172,2852,2.5823232e-7,1
164,1249,929,2852,2532,2.5823232000000005e-7,1
165,929,1650,2532,3253,5.91271656894998e-7,1
166,1650,1490,3253,3093,1.291161599999999e-7,1
167,1490,1330,3093,2933,1.2911615999999992e-7,1
168,1330,1170,2933,2773,1.2911616000000019e-7,1
169,1170,1010,2773,2613,1.2911616000000005e-7,1
170,1010,770,2613,2373,1.936742399999999e-7,1
171,770,850,2373,2453,6.455807999999996e-8,1
172,850,610,2453,2213,1.9367423999999994e-7,1
173,610,690,2213,2293,6.455807999999996e-8,1
174,690,530,2293,2133,1.2911616e-7,1
175,530,450,2133,2053,6.455808000000001e-8,1
176,450,130,2053,1733,2.5823231999999995e-7,1
177,130,290,1733,1893,1.2911616e-7,1
178,290,370,1893,1973,6.455808000000005e-8,1
179,370,1570,1973,3173,9.683711999999998e-7,1
180,1570,210,3173,1813,1.09748736e-6,1
181,210,1410,1813,3013,9.683712e-7,1
182,1410,1250,3013,2853,1.2911615999999995e-7,1
183,1250,1090,2853,2693,1.291161600000001e-7,1
184,1090,930,2693,2533,1.2911616000000005e-7,1
185,930,1651,2533,3254,5.912832012540497e-7,1
186,1651,1491,3254,3094,1.2911615999999995e-7,1
187,1491,1331,3094,2934,1.2911616000000013e-7,1
188,1331,1171,2934,2774,1.2911616000000005e-7,1
189,1171,1011,2774,2614,1.2911616000000005e-7,1
190,1011,1411,2614,3014,3.2279040000000023e-7,1
191,1411,1571,3014,3174,1.2911615999999992e-7,1
192,1571,1251,3174,2854,2.582323200000002e-7,1
193,1251,1091,2854,2694,1.2911615999999995e-7,1
194,1091,851,2694,2454,1.936742399999999e-7,1
195,851,931,2454,2534,6.455808000000001e-8,1
196,931,771,2534,2374,1.2911616e-7,1
197,771,531,2374,2134,1.9367423999999994e-7,1
198,531,611,2134,2214,6.455807999999996e-8,1
199,611,691,2214,2294,6.455807999999996e-8,1
200,691,451,2294,2054,1.9367424e-7,1
201,451,131,2054,1734,2.582323199999999e-7,1
202,131,291,1734,1894,1.2911616000000003e-7,1
203,291,371,1894,1974,6.455808000000003e-8,1
204,371,211,1974,1814,1.291161600000001e-7,1
205,211,1412,1814,3015,9.715196335529394e-7,1
206,1412,1572,3015,3175,1.2911615999999995e-7,1
207,1572,1252,3175,2855,2.5823232000000005e-7,1
208,1252,1092,2855,2695,1.2911616000000005e-7,1
209,1092,852,2695,2455,1.9367424e-7,1
210,852,932,2455,2535,6.455808e-8,1
211,932,772,2535,2375,1.2911615999999995e-7,1
212,772,612,2375,2215,1.2911616e-7,1
213,612,692,2215,2295,6.455808e-8,1
214,692,532,2295,2135,1.2911616e-7,1
215,532,212,2135,1815,2.5823232e-7,1
216,212,132,1815,1735,6.455807999999997e-8,1
217,132,452,1735,2055,2.5823232e-7,1
218,452,1652,2055,3255,9.683712000000003e-7,1
219,1652,292,3255,1895,1.09748736e-6,1
220,292,372,1895,1975,6.455808000000007e-8,1
221,372,1492,1975,3095,9.0381312e-7,1
222,1492,1332,3095,2935,1.291161599999999e-7,1
223,1332,1172,2935,2775,1.291161600000001e-7,1
224,1172,1012,2775,2615,1.2911616000000005e-7,1
225,1012,1573,2615,3176,4.65051381978256e-7,1
226,1573,1413,3176,3016,1.2911616000000003e-7,1
227,1413,1253,3016,2856,1.2911616000000003e-7,1
228,1253,1093,2856,2696,1.2911616000000005e-7,1
229,1093,933,2696,2536,1.2911616000000003e-7,1
230,933,1653,2536,3256,5.810227200000001e-7,1
231,1653,1493,3256,3096,1.2911616000000005e-7,1
232,1493,1333,3096,2936,1.2911615999999992e-7,1
233,1333,1173,2936,2776,1.2911616000000013e-7,1
234,1173,1013,2776,2616,1.2911616000000013e-7,1
235,1013,213,2616,1816,6.455807999999998e-7,1
236,213,773,1816,2376,4.519065599999999e-7,1
237,773,853,2376,2456,6.455808000000007e-8,1
238,853,133,2456,1736,5.810227200000001e-7,1
239,133,613,1736,2216,3.8734848e-7,1
240,613,693,2216,2296,6.455808000000005e-8,1
241,693,453,2296,2056,1.9367424000000007e-7,1
242,453,533,2056,2136,6.455808e-8,1
243,533,293,2136,1896,1.9367424e-7,1
244,293,373,1896,1976,6.455808000000001e-8,1
245,373,1654,1976,3257,1.0368706583291691e-6,1
246,1654,1494,3257,3097,1.2911616e-7,1
247,1494,1334,3097,2937,1.2911616000000005e-7,1
248,1334,1174,2937,2777,1.2911616000000008e-7,1
249,1174,1014,2777,2617,1.2911615999999992e-7,1
250,1014,854,2617,2457,1.291161600000001e-7,1
251,854,774,2457,2377,6.455807999999997e-8,1
252,774,534,2377,2137,1.9367423999999994e-7,1
253,534,614,2137,2217,6.455807999999993e-8,1
254,614,694,2217,2297,6.455808e-8,1
255,694,454,2297,2057,1.936742399999999e-7,1
256,454,294,2057,1897,1.2911616000000003e-7,1
257,294,374,1897,1977,6.455808000000005e-8,1
258,374,214,1977,1817,1.2911616000000005e-7,1
259,214,134,1817,1737,6.455808e-8,1
260,134,1414,1737,3017,1.0329292800000002e-6,1
261,1414,1574,3017,3177,1.2911616e-7,1
262,1574,1094,3177,2697,3.873484800000003e-7,1
263,1094,1254,2697,2857,1.2911616000000003e-7,1
264,1254,934,2857,2537,2.5823232e-7,1
265,934,1655,2537,3258,5.913294443331208e-7,1
266,1655,1495,3258,3098,1.2911616000000008e-7,1
267,1495,1335,3098,2938,1.2911615999999987e-7,1
268,1335,1175,2938,2778,1.291161600000002e-7,1
269,1175,1015,2778,2618,1.2911616000000003e-7,1
270,1015,455,2618,2058,4.5190656e-7,1
271,455,215,2058,1818,1.9367424e-7,1
272,215,295,1818,1898,6.455807999999999e-8,1
273,295,375,1898,1978,6.455808e-8,1
274,375,1415,1978,3018,8.392550400000001e-7,1
275,1415,1575,3018,3178,1.2911615999999997e-7,1
276,1575,1095,3178,2698,3.873484800000002e-7,1
277,1095,1255,2698,2858,1.2911616000000005e-7,1
278,1255,135,2858,1738,9.0381312e-7,1
279,135,855,1738,2458,5.8102272e-7,1
280,855,935,2458,2538,6.455808000000009e-8,1
281,935,775,2538,2378,1.2911616000000003e-7,1
282,775,535,2378,2138,1.9367424e-7,1
283,535,615,2138,2218,6.455807999999993e-8,1
284,615,695,2218,2298,6.455808000000004e-8,1
285,695,1576,2298,3179,7.171168412342756e-7,1
286,1576,1416,3179,3019,1.2911615999999992e-7,1
287,1416,1256,3019,2859,1.2911616000000019e-7,1
288,1256,1096,2859,2699,1.2911615999999997e-7,1
289,1096,936,2699,2539,1.2911616e-7,1
290,936,856,2539,2459,6.455807999999997e-8,1
291,856,776,2459,2379,6.455808000000009e-8,1
292,776,696,2379,2299,6.455807999999993e-8,1
293,696,616,2299,2219,6.455808e-8,1
294,616,536,2219,2139,6.455808e-8,1
295,536,456,2139,2059,6.455807999999993e-8,1
296,456,376,2059,1979,6.455808000000004e-8,1
297,376,296,1979,1899,6.455807999999997e-8,1
298,296,216,1899,1819,6.455808000000004e-8,1
299,216,136,1819,1739,6.455807999999996e-8,1
300,136,1656,1739,3259,1.2266035199999999e-6,1
301,1656,1496,3259,3099,1.2911615999999982e-7,1
302,1496,1336,3099,2939,1.2911616000000003e-7,1
303,1336,1176,2939,2779,1.2911616000000016e-7,1
304,1176,1016,2779,2619,1.2911616e-7,1
305,1016,1577,2619,3180,4.6511024474720995e-7,1
306,1577,1417,3180,3020,1.2911616000000005e-7,1
307,1417,1257,3020,2860,1.2911616000000019e-7,1
308,1257,1097,2860,2700,1.2911615999999995e-7,1
309,1097,937,2700,2540,1.2911616000000003e-7,1
310,937,777,2540,2380,1.2911615999999992e-7,1
311,777,617,2380,2220,1.2911616000000003e-7,1
312,617,1657,2220,3260,8.392550399999999e-7,1
313,1657,457,3260,2060,9.683711999999998e-7,1
314,457,377,2060,1980,6.455807999999997e-8,1
315,377,1497,1980,3100,9.038131200000001e-7,1
316,1497,297,3100,1900,9.683712e-7,1
317,297,217,1900,1820,6.455808e-8,1
318,217,1337,1820,2940,9.038131200000002e-7,1
319,1337,137,2940,1740,9.683712000000003e-7,1
320,137,1177,1740,2780,8.392550399999999e-7,1
321,1177,1017,2780,2620,1.2911616000000005e-7,1
322,1017,857,2620,2460,1.2911615999999995e-7,1
323,857,697,2460,2300,1.2911615999999995e-7,1
324,697,537,2300,2140,1.2911616000000003e-7,1
325,537,1578,2140,3181,8.445498375758791e-7,1
326,1578,1418,3181,3021,1.2911615999999997e-7,1
327,1418,1258,3021,2861,1.2911616000000027e-7,1
328,1258,1098,2861,2701,1.2911616e-7,1
329,1098,938,2701,2541,1.2911615999999995e-7,1
330,938,1658,2541,3261,5.8102272e-7,1
331,1658,1498,3261,3101,1.2911615999999984e-7,1
332,1498,1338,3101,2941,1.2911615999999995e-7,1
333,1338,1178,2941,2781,1.291161600000002e-7,1
334,1178,1018,2781,2621,1.2911615999999997e-7,1
335,1018,858,2621,2461,1.2911616e-7,1
336,858,778,2461,2381,6.455807999999997e-8,1
337,778,698,2381,2301,6.455808000000009e-8,1
338,698,618,2301,2221,6.455807999999993e-8,1
339,618,538,2221,2141,6.455808000000007e-8,1
340,538,458,2141,2061,6.455807999999992e-8,1
341,458,378,2061,1981,6.455807999999997e-8,1
342,378,298,1981,1901,6.455808000000001e-8,1
343,298,218,1901,1821,6.455808e-8,1
344,218,138,1821,1741,6.455808e-8,1
345,138,1659,1741,3262,1.2292640548551216e-6,1
346,1659,1499,3262,3102,1.2911616000000008e-7,1
347,1499,1339,3102,2942,1.2911616e-7,1
348,1339,1179,2942,2782,1.2911616000000005e-7,1
349,1179,1019,2782,2622,1.2911616000000003e-7,1
350,1019,859,2622,2462,1.2911615999999995e-7,1
351,859,779,2462,2382,6.455807999999996e-8,1
352,779,699,2382,2302,6.455808000000007e-8,1
353,699,619,2302,2222,6.455807999999992e-8,1
354,619,539,2222,2142,6.455807999999992e-8,1
355,539,459,2142,2062,6.455808000000009e-8,1
356,459,139,2062,1742,2.5823232e-7,1
357,139,379,1742,1982,1.9367424000000001e-7,1
358,379,1579,1982,3182,9.683712000000003e-7,1
359,1579,299,3182,1902,1.0329292800000002e-6,1
360,299,219,1902,1822,6.455808000000001e-8,1
361,219,1419,1822,3022,9.683712000000003e-7,1
362,1419,1259,3022,2862,1.291161600000002e-7,1
363,1259,1099,2862,2702,1.2911615999999997e-7,1
364,1099,939,2702,2542,1.2911616000000003e-7,1
365,939,1660,2542,3263,5.913873958495107e-7,1
366,1660,1500,3263,3103,1.2911616000000005e-7,1
367,1500,1340,3103,2943,1.2911616000000003e-7,1
368,1340,1180,2943,2783,1.291161600000001e-7,1
369,1180,1020,2783,2623,1.2911616e-7,1
370,1020,1580,2623,3183,4.519065600000001e-7,1
371,1580,1420,3183,3023,1.2911615999999987e-7,1
372,1420,1260,3023,2863,1.2911616000000019e-7,1
373,1260,1100,2863,2703,1.2911616e-7,1
374,1100,940,2703,2543,1.2911616e-7,1
375,940,220,2543,1823,5.8102272e-7,1
376,220,860,1823,2463,5.164646399999998e-7,1
377,860,140,2463,1743,5.810227199999999e-7,1
378,140,780,1743,2383,5.1646464e-7,1
379,780,700,2383,2303,6.455807999999991e-8,1
380,700,620,2303,2223,6.455808000000005e-8,1
381,620,540,2223,2143,6.455808000000005e-8,1
382,540,460,2143,2063,6.455808000000004e-8,1
383,460,380,2063,1983,6.455807999999996e-8,1
384,380,300,1983,1903,6.455807999999996e-8,1
385,300,1581,1903,3184,1.03647848608193e-6,1
386,1581,1421,3184,3024,1.2911616e-7,1
387,1421,1261,3024,2864,1.2911616000000013e-7,1
388,1261,1101,2864,2704,1.2911616e-7,1
389,1101,941,2704,2544,1.2911616e-7,1
390,941,861,2544,2464,6.455808e-8,1
391,861,781,2464,2384,6.455808e-8,1
392,781,701,2384,2304,6.455808e-8,1
393,701,621,2304,2224,6.455808e-8,1
394,621,541,2224,2144,6.455808e-8,1
395,541,461,2144,2064,6.455808e-8,1
396,461,381,2064,1984,6.455808e-8,1
397,381,301,1984,1904,6.455808e-8,1
398,301,221,1904,1824,6.455808e-8,1
399,221,141,1824,1744,6.455808e-8,1
400,141,1661,1744,3264,1.22660352e-6,1
401,1661,1501,3264,3104,1.2911616e-7,1
402,1501,1341,3104,2944,1.2911616e-7,1
403,1341,1181,2944,2784,1.2911616000000013e-7,1
404,1181,1021,2784,2624,1.2911616e-7,1
405,1021,1582,2624,3185,4.651840069281365e-7,1
406,1582,1422,3185,3025,1.2911616000000008e-7,1
407,1422,1262,3025,2865,1.2911616000000019e-7,1
408,1262,1102,2865,2705,1.2911615999999995e-7,1
409,1102,942,2705,2545,1.2911615999999997e-7,1
410,942,1662,2545,3265,5.810227200000001e-7,1
411,1662,462,3265,2065,9.683712e-7,1
412,462,382,2065,1985,6.455807999999996e-8,1
413,382,1502,1985,3105,9.0381312e-7,1
414,1502,302,3105,1905,9.683711999999998e-7,1
415,302,1342,1905,2945,8.392550399999999e-7,1
416,1342,1182,2945,2785,1.2911616000000019e-7,1
417,1182,1022,2785,2625,1.291161599999999e-7,1
418,1022,862,2625,2465,1.2911616000000013e-7,1
419,862,222,2465,1825,5.1646464e-7,1
420,222,782,1825,2385,4.5190656e-7,1
421,782,142,2385,1745,5.1646464e-7,1
422,142,702,1745,2305,4.5190656e-7,1
423,702,622,2305,2225,6.455808000000001e-8,1
424,622,542,2225,2145,6.455808000000001e-8,1
425,542,1663,2145,3266,9.089898792614483e-7,1
426,1663,1503,3266,3106,1.2911615999999995e-7,1
427,1503,1343,3106,2946,1.2911616000000013e-7,1
428,1343,1183,2946,2786,1.2911616000000008e-7,1
429,1183,1023,2786,2626,1.2911616000000003e-7,1
430,1023,863,2626,2466,1.291161599999999e-7,1
431,863,783,2466,2386,6.455808000000003e-8,1
432,783,703,2386,2306,6.455808e-8,1
433,703,623,2306,2226,6.455808e-8,1
434,623,543,2226,2146,6.455808e-8,1
435,543,463,2146,2066,6.455808000000001e-8,1
436,463,383,2066,1986,6.455807999999997e-8,1
437,383,303,1986,1906,6.455807999999999e-8,1
438,303,223,1906,1826,6.455808000000003e-8,1
439,223,143,1826,1746,6.455808e-8,1
440,143,1583,1746,3186,1.1620454400000001e-6,1
441,1583,1423,3186,3026,1.2911615999999997e-7,1
442,1423,1263,3026,2866,1.2911616000000013e-7,1
443,1263,1103,2866,2706,1.2911616e-7,1
444,1103,943,2706,2546,1.2911616000000003e-7,1
445,943,1664,2546,3267,5.914338751665734e-7,1
446,1664,1504,3267,3107,1.2911616e-7,1
447,1504,1344,3107,2947,1.2911616e-7,1
448,1344,1184,2947,2787,1.291161600000001e-7,1
449,1184,1024,2787,2627,1.2911616e-7,1
450,1024,464,2627,2067,4.5190656e-7,1
451,464,1584,2067,3187,9.038131200000001e-7,1
452,1584,384,3187,1987,9.683712e-7,1
453,384,304,1987,1907,6.455808e-8,1
454,304,1424,1907,3027,9.0381312e-7,1
455,1424,224,3027,1827,9.683712e-7,1
456,224,144,1827,1747,6.455807999999997e-8,1
457,144,1264,1747,2867,9.038131200000001e-7,1
458,1264,1104,2867,2707,1.291161600000002e-7,1
459,1104,944,2707,2547,1.2911616e-7,1
460,944,864,2547,2467,6.455807999999996e-8,1
461,864,784,2467,2387,6.455807999999996e-8,1
462,784,704,2387,2307,6.455807999999996e-8,1
463,704,624,2307,2227,6.455808000000005e-8,1
464,624,544,2227,2147,6.455808000000007e-8,1
465,544,1665,2147,3268,9.090032503458616e-7,1
466,1665,1345,3268,2948,2.5823232000000016e-7,1
467,1345,1025,2948,2628,2.582323200000002e-7,1
468,1025,1585,2628,3188,4.519065600000001e-7,1
469,1585,1425,3188,3028,1.2911615999999992e-7,1
470,1425,1265,3028,2868,1.291161600000001e-7,1
471,1265,1105,2868,2708,1.2911616000000008e-7,1
472,1105,945,2708,2548,1.2911615999999997e-7,1
473,945,865,2548,2468,6.455808e-8,1
474,865,785,2468,2388,6.455808000000001e-8,1
475,785,705,2388,2308,6.455808000000001e-8,1
476,705,625,2308,2228,6.455807999999996e-8,1
477,625,465,2228,2068,1.2911616000000003e-7,1
478,465,545,2068,2148,6.455807999999997e-8,1
479,545,385,2148,1988,1.2911615999999992e-7,1
480,385,305,1988,1908,6.455808000000005e-8,1
481,305,225,1908,1828,6.455807999999997e-8,1
482,225,145,1828,1748,6.455807999999997e-8,1
483,145,1505,1748,3108,1.09748736e-6,1
484,1505,1185,3108,2788,2.5823232000000016e-7,1
485,1185,1586,2788,3189,3.4278157966027697e-7,1
486,1586,1426,3189,3029,1.291161600000001e-7,1
487,1426,1266,3029,2869,1.2911615999999982e-7,1
488,1266,1106,2869,2709,1.2911616000000019e-7,1
489,1106,946,2709,2549,1.2911616000000003e-7,1
490,946,866,2549,2469,6.455808e-8,1
491,866,786,2469,2389,6.455808e-8,1
492,786,706,2389,2309,6.455808000000001e-8,1
493,706,626,2309,2229,6.455807999999996e-8,1
494,626,546,2229,2149,6.455807999999996e-8,1
495,546,1666,2149,3269,9.0381312e-7,1
496,1666,466,3269,2069,9.683711999999998e-7,1
497,466,306,2069,1909,1.2911616e-7,1
498,306,386,1909,1989,6.455807999999997e-8,1
499,386,1506,1989,3109,9.038131200000001e-7,1
500,1506,226,3109,1829,1.03292928e-6,1
501,226,1346,1829,2949,9.038131200000002e-7,1
502,1346,146,2949,1749,9.683712000000003e-7,1
503,146,1186,1749,2789,8.392550399999999e-7,1
504,1186,1026,2789,2629,1.2911616000000003e-7,1
505,1026,1587,2629,3190,4.652579731514711e-7,1
506,1587,1427,3190,3030,1.2911616e-7,1
507,1427,1267,3030,2870,1.2911616000000003e-7,1
508,1267,1107,2870,2710,1.291161600000001e-7,1
509,1107,947,2710,2550,1.2911615999999992e-7,1
510,947,1667,2550,3270,5.810227200000001e-7,1
511,1667,1507,3270,3110,1.2911616e-7,1
512,1507,1347,3110,2950,1.2911615999999992e-7,1
513,1347,1187,2950,2790,1.2911616000000013e-7,1
514,1187,1027,2790,2630,1.2911616000000003e-7,1
515,1027,867,2630,2470,1.2911615999999992e-7,1
516,867,787,2470,2390,6.455808000000008e-8,1
517,787,707,2390,2310,6.455807999999996e-8,1
518,707,627,2310,2230,6.455807999999997e-8,1
519,627,547,2230,2150,6.455807999999999e-8,1
520,547,147,2150,1750,3.2279040000000007e-7,1
521,147,467,1750,2070,2.5823232e-7,1
522,467,387,2070,1990,6.455807999999995e-8,1
523,387,307,1990,1910,6.455808000000003e-8,1
524,307,227,1910,1830,6.455808000000001e-8,1
525,227,1668,1830,3271,1.1651359215779914e-6,1
526,1668,1508,3271,3111,1.2911615999999992e-7,1
527,1508,1348,3111,2951,1.2911615999999997e-7,1
528,1348,1188,2951,2791,1.2911616000000016e-7,1
529,1188,1028,2791,2631,1.2911615999999995e-7,1
530,1028,868,2631,2471,1.2911616000000003e-7,1
531,868,788,2471,2391,6.455808e-8,1
532,788,708,2391,2311,6.455807999999996e-8,1
533,708,628,2311,2231,6.455807999999997e-8,1
534,628,548,2231,2151,6.455808000000003e-8,1
535,548,228,2151,1831,2.5823232000000005e-7,1
536,228,148,1831,1751,6.455808000000003e-8,1
537,148,468,1751,2071,2.5823232000000005e-7,1
538,468,388,2071,1991,6.455807999999995e-8,1
539,388,1588,1991,3191,9.683711999999998e-7,1
540,1588,308,3191,1911,1.03292928e-6,1
541,308,1428,1911,3031,9.038131200000001e-7,1
542,1428,1268,3031,2871,1.2911615999999997e-7,1
543,1268,1108,2871,2711,1.2911616000000013e-7,1
544,1108,948,2711,2551,1.2911616e-7,1
545,948,1669,2551,3272,5.914921219022305e-7,1
546,1669,1509,3272,3112,1.2911616000000003e-7,1
547,1509,1349,3112,2952,1.2911616000000003e-7,1
548,1349,1189,2952,2792,1.2911616000000013e-7,1
549,1189,1029,2792,2632,1.2911616000000003e-7,1
550,1029,1589,2632,3192,4.5190656000000025e-7,1
551,1589,1429,3192,3032,1.2911616000000005e-7,1
552,1429,1269,3032,2872,1.2911616000000005e-7,1
553,1269,1109,2872,2712,1.2911616000000005e-7,1
554,1109,949,2712,2552,1.2911616e-7,1
555,949,869,2552,2472,6.455807999999996e-8,1
556,869,229,2472,1832,5.1646464e-7,1
557,229,789,1832,2392,4.5190656e-7,1
558,789,149,2392,1752,5.1646464e-7,1
559,149,709,1752,2312,4.5190656e-7,1
560,709,629,2312,2232,6.455807999999996e-8,1
561,629,549,2232,2152,6.455808000000005e-8,1
562,549,469,2152,2072,6.455807999999993e-8,1
563,469,389,2072,1992,6.455808000000004e-8,1
564,389,309,1992,1912,6.455807999999999e-8,1
565,309,1590,1912,3193,1.036525728551774e-6,1
566,1590,1430,3193,3033,1.2911615999999995e-7,1
567,1430,1270,3033,2873,1.291161600000001e-7,1
568,1270,1110,2873,2713,1.2911616000000013e-7,1
569,1110,950,2713,2553,1.2911615999999992e-7,1
570,950,870,2553,2473,6.455807999999999e-8,1
571,870,790,2473,2393,6.455808e-8,1
572,790,710,2393,2313,6.455807999999997e-8,1
573,710,630,2313,2233,6.455808000000001e-8,1
574,630,550,2233,2153,6.455808e-8,1
575,550,470,2153,2073,6.455808000000001e-8,1
576,470,390,2073,1993,6.455807999999999e-8,1
577,390,310,1993,1913,6.455808000000001e-8,1
578,310,230,1913,1833,6.455808000000001e-8,1
579,230,150,1833,1753,6.455808000000003e-8,1
580,150,1670,1753,3273,1.22660352e-6,1
581,1670,1510,3273,3113,1.2911616e-7,1
582,1510,1350,3113,2953,1.2911616000000005e-7,1
583,1350,1190,2953,2793,1.291161600000001e-7,1
584,1190,1030,2793,2633,1.2911616000000005e-7,1
585,1030,1591,2633,3194,4.6531729297529423e-7,1
586,1591,1431,3194,3034,1.2911616000000003e-7,1
587,1431,1271,3034,2874,1.2911616000000005e-7,1
588,1271,1111,2874,2714,1.2911616000000019e-7,1
589,1111,951,2714,2554,1.2911615999999992e-7,1
590,951,1671,2554,3274,5.810227200000001e-7,1
591,1671,471,3274,2074,9.683712e-7,1
592,471,391,2074,1994,6.455807999999997e-8,1
593,391,1511,1994,3114,9.0381312e-7,1
594,1511,311,3114,1914,9.683711999999998e-7,1
595,311,231,1914,1834,6.455808000000003e-8,1
596,231,1351,1834,2954,9.038131200000001e-7,1
597,1351,1191,2954,2794,1.2911616000000013e-7,1
598,1191,151,2794,1754,8.392550399999999e-7,1
599,151,1031,1754,2634,7.101388800000001e-7,1
600,1031,871,2634,2474,1.2911615999999995e-7,1
601,871,791,2474,2394,6.455808e-8,1
602,791,711,2394,2314,6.455807999999997e-8,1
603,711,631,2314,2234,6.455808000000001e-8,1
604,631,551,2234,2154,6.455808000000003e-8,1
605,551,1672,2154,3275,9.090501867159991e-7,1
606,1672,1512,3275,3115,1.2911616e-7,1
607,1512,1352,3115,2955,1.2911615999999992e-7,1
608,1352,1192,2955,2795,1.2911616000000019e-7,1
609,1192,1032,2795,2635,1.2911616e-7,1
610,1032,872,2635,2475,1.2911616e-7,1
611,872,792,2475,2395,6.455808e-8,1
612,792,712,2395,2315,6.455807999999997e-8,1
613,712,632,2315,2235,6.455808e-8,1
614,632,552,2235,2155,6.455808e-8,1
615,552,472,2155,2075,6.455808000000004e-8,1
616,472,392,2075,1995,6.455807999999997e-8,1
617,392,312,1995,1915,6.455808e-8,1
618,312,232,1915,1835,6.455808000000009e-8,1
619,232,152,1835,1755,6.455808e-8,1
620,152,1592,1755,3195,1.1620454400000001e-6,1
621,1592,1432,3195,3035,1.2911615999999995e-7,1
622,1432,1272,3035,2875,1.2911615999999997e-7,1
623,1272,1112,2875,2715,1.2911616000000019e-7,1
624,1112,952,2715,2555,1.2911616e-7,1
625,952,1673,2555,3276,5.915388373319971e-7,1
626,1673,1513,3276,3116,1.2911615999999987e-7,1
627,1513,1353,3116,2956,1.2911616000000005e-7,1
628,1353,1193,2956,2796,1.2911616000000003e-7,1
629,1193,1033,2796,2636,1.2911616000000003e-7,1
630,1033,873,2636,2476,1.2911616e-7,1
631,873,713,2476,2316,1.2911616e-7,1
632,713,553,2316,2156,1.2911616000000003e-7,1
633,553,473,2156,2076,6.455808000000001e-8,1
634,473,1593,2076,3196,9.038131200000001e-7,1
635,1593,393,3196,1996,9.683712e-7,1
636,393,313,1996,1916,6.455808000000001e-8,1
637,313,1433,1916,3036,9.038131200000002e-7,1
638,1433,233,3036,1836,9.683712000000003e-7,1
639,233,153,1836,1756,6.455807999999999e-8,1
640,153,1273,1756,2876,9.038131200000001e-7,1
641,1273,1113,2876,2716,1.2911616000000013e-7,1
642,1113,953,2716,2556,1.2911616e-7,1
643,953,793,2556,2396,1.2911616e-7,1
644,793,633,2396,2236,1.2911616e-7,1
645,633,1674,2236,3277,8.452412553718017e-7,1
646,1674,1514,3277,3117,1.2911615999999987e-7,1
647,1514,1354,3117,2957,1.2911615999999992e-7,1
648,1354,1194,2957,2797,1.291161600000002e-7,1
649,1194,1034,2797,2637,1.2911616000000003e-7,1
650,1034,1594,2637,3197,4.519065600000002e-7,1
651,1594,1434,3197,3037,1.2911616000000005e-7,1
652,1434,1274,3037,2877,1.2911615999999992e-7,1
653,1274,1114,2877,2717,1.2911616000000019e-7,1
654,1114,954,2717,2557,1.2911615999999995e-7,1
655,954,874,2557,2477,6.455808e-8,1
656,874,794,2477,2397,6.455807999999996e-8,1
657,794,714,2397,2317,6.455808000000005e-8,1
658,714,634,2317,2237,6.455808e-8,1
659,634,554,2237,2157,6.455807999999997e-8,1
660,554,474,2157,2077,6.455807999999999e-8,1
661,474,394,2077,1997,6.455808e-8,1
662,394,314,1997,1917,6.455808000000004e-8,1
663,314,234,1917,1837,6.455808e-8,1
664,234,154,1837,1757,6.455808000000003e-8,1
665,154,1595,1757,3198,1.1648035429215934e-6,1
666,1595,1435,3198,3038,1.2911615999999992e-7,1
667,1435,1275,3038,2878,1.2911616000000003e-7,1
668,1275,1115,2878,2718,1.2911616000000005e-7,1
669,1115,955,2718,2558,1.2911616000000005e-7,1
670,955,875,2558,2478,6.455807999999995e-8,1
671,875,795,2478,2398,6.455807999999997e-8,1
672,795,715,2398,2318,6.455807999999997e-8,1
673,715,635,2318,2238,6.455808000000003e-8,1
674,635,555,2238,2158,6.455807999999996e-8,1
675,555,1675,2158,3278,9.038131200000002e-7,1
676,1675,475,3278,2078,9.683712000000003e-7,1
677,475,155,2078,1758,2.5823232e-7,1
678,155,395,1758,1998,1.9367424e-7,1
679,395,1515,1998,3118,9.038131200000001e-7,1
680,1515,315,3118,1918,9.683712000000003e-7,1
681,315,235,1918,1838,6.455807999999997e-8,1
682,235,1355,1838,2958,9.038131200000002e-7,1
683,1355,1195,2958,2798,1.2911616000000019e-7,1
684,1195,1035,2798,2638,1.2911615999999992e-7,1
685,1035,1596,2638,3199,4.653916262296293e-7,1
686,1596,1436,3199,3039,1.291161599999999e-7,1
687,1436,1276,3039,2879,1.2911616000000005e-7,1
688,1276,1116,2879,2719,1.2911616000000019e-7,1
689,1116,956,2719,2559,1.291161599999999e-7,1
690,956,1676,2559,3279,5.810227200000001e-7,1
691,1676,1516,3279,3119,1.2911616000000005e-7,1
692,1516,1356,3119,2959,1.2911615999999995e-7,1
693,1356,1196,2959,2799,1.2911616000000005e-7,1
694,1196,1036,2799,2639,1.2911616000000005e-7,1
695,1036,876,2639,2479,1.2911615999999995e-7,1
696,876,236,2479,1839,5.164646400000001e-7,1
697,236,796,1839,2399,4.5190656e-7,1
698,796,156,2399,1759,5.1646464e-7,1
699,156,716,1759,2319,4.5190656e-7,1
700,716,636,2319,2239,6.455807999999996e-8,1
701,636,556,2239,2159,6.455808000000001e-8,1
702,556,476,2159,2079,6.455807999999996e-8,1
703,476,396,2079,1999,6.45580800000001e-8,1
704,396,316,1999,1919,6.455808000000001e-8,1
705,316,1677,1919,3280,1.1010609602764476e-6,1
706,1677,1517,3280,3120,1.2911616e-7,1
707,1517,1357,3120,2960,1.2911615999999968e-7,1
708,1357,1197,2960,2800,1.2911616000000032e-7,1
709,1197,1037,2800,2640,1.2911616000000005e-7,1
710,1037,877,2640,2480,1.2911615999999987e-7,1
711,877,797,2480,2400,6.455808000000005e-8,1
712,797,717,2400,2320,6.455808e-8,1
713,717,637,2320,2240,6.455807999999996e-8,1
714,637,557,2240,2160,6.455808000000003e-8,1
715,557,477,2160,2080,6.455808000000003e-8,1
716,477,397,2080,2000,6.455807999999997e-8,1
717,397,317,2000,1920,6.455808000000005e-8,1
718,317,237,1920,1840,6.455808e-8,1
719,237,157,1840,1760,6.455807999999999e-8,1
720,157,1597,1760,3200,1.1620454400000001e-6,1
721,1597,1437,3200,3040,1.2911615999999987e-7,1
722,1437,1277,3040,2880,1.2911615999999995e-7,1
723,1277,1117,2880,2720,1.2911616000000019e-7,1
724,1117,957,2720,2560,1.2911616e-7,1
725,957,1678,2560,3281,5.915973791299694e-7,1
726,1678,1518,3281,3121,1.2911615999999974e-7,1
727,1518,1358,3121,2961,1.2911616000000005e-7,1
728,1358,1198,2961,2801,1.2911616000000019e-7,1
729,1198,1038,2801,2641,1.2911616e-7,1
730,1038,478,2641,2081,4.5190656e-7,1
731,478,1598,2081,3201,9.038131200000001e-7,1
732,1598,398,3201,2001,9.683712e-7,1
733,398,318,2001,1921,6.455808000000003e-8,1
734,318,1438,1921,3041,9.038131200000002e-7,1
735,1438,1278,3041,2881,1.2911616e-7,1
736,1278,1118,2881,2721,1.2911616000000019e-7,1
737,1118,958,2721,2561,1.2911616e-7,1
738,958,878,2561,2481,6.455808000000003e-8,1
739,878,238,2481,1841,5.1646464e-7,1
740,238,798,1841,2401,4.519065600000001e-7,1
741,798,158,2401,1761,5.164646400000001e-7,1
742,158,718,1761,2321,4.5190656e-7,1
743,718,638,2321,2241,6.455808000000005e-8,1
744,638,558,2241,2161,6.455807999999991e-8,1
745,558,1599,2161,3202,8.446973905238741e-7,1
746,1599,1439,3202,3042,1.2911616000000013e-7,1
747,1439,1279,3042,2882,1.2911615999999982e-7,1
748,1279,1119,2882,2722,1.2911616000000019e-7,1
749,1119,959,2722,2562,1.2911616e-7,1
750,959,879,2562,2482,6.455807999999997e-8,1
751,879,799,2482,2402,6.455807999999999e-8,1
752,799,719,2402,2322,6.455808000000007e-8,1
753,719,639,2322,2242,6.455807999999991e-8,1
754,639,559,2242,2162,6.455808000000012e-8,1
755,559,479,2162,2082,6.455807999999996e-8,1
756,479,399,2082,2002,6.455808000000004e-8,1
757,399,319,2002,1922,6.455808000000003e-8,1
758,319,239,1922,1842,6.455807999999999e-8,1
759,239,159,1842,1762,6.455807999999997e-8,1
760,159,1679,1762,3282,1.22660352e-6,1
761,1679,1519,3282,3122,1.2911615999999992e-7,1
762,1519,1359,3122,2962,1.2911616000000013e-7,1
763,1359,1199,2962,2802,1.2911616000000003e-7,1
764,1199,1039,2802,2642,1.2911616e-7,1
765,1039,1600,2642,3203,4.654512395517963e-7,1
766,1600,1440,3203,3043,1.2911616000000019e-7,1
767,1440,1280,3043,2883,1.2911615999999987e-7,1
768,1280,1120,2883,2723,1.2911616000000013e-7,1
769,1120,960,2723,2563,1.2911616000000005e-7,1
770,960,1680,2563,3283,5.810227200000001e-7,1
771,1680,480,3283,2083,9.683712e-7,1
772,480,400,2083,2003,6.45580800000001e-8,1
773,400,1520,2003,3123,9.038131200000001e-7,1
774,1520,320,3123,1923,9.683712e-7,1
775,320,240,1923,1843,6.455807999999997e-8,1
776,240,1360,1843,2963,9.038131200000002e-7,1
777,1360,160,2963,1763,9.683712e-7,1
778,160,1200,1763,2803,8.392550399999999e-7,1
779,1200,1040,2803,2643,1.2911616000000005e-7,1
780,1040,880,2643,2483,1.2911615999999992e-7,1
781,880,800,2483,2403,6.455807999999996e-8,1
782,800,720,2403,2323,6.455808000000004e-8,1
783,720,640,2323,2243,6.455808000000004e-8,1
784,640,560,2243,2163,6.455808000000004e-8,1
785,560,1601,2163,3204,8.447115511607312e-7,1
786,1601,1281,3204,2884,2.5823232e-7,1
787,1281,961,2884,2564,2.582323200000001e-7,1
788,961,1681,2564,3284,5.8102272e-7,1
789,1681,1521,3284,3124,1.2911615999999984e-7,1
790,1521,1361,3124,2964,1.2911616e-7,1
791,1361,1201,2964,2804,1.2911616000000013e-7,1
792,1201,1041,2804,2644,1.2911616e-7,1
793,1041,881,2644,2484,1.2911616e-7,1
794,881,801,2484,2404,6.455808e-8,1
795,801,721,2404,2324,6.455808e-8,1
796,721,641,2324,2244,6.455808e-8,1
797,641,561,2244,2164,6.455808e-8,1
798,561,481,2164,2084,6.455808e-8,1
799,481,401,2084,2004,6.455808000000007e-8,1
800,401,321,2004,1924,6.455808e-8,1
801,321,241,1924,1844,6.455808e-8,1
802,241,161,1844,1764,6.455808e-8,1
803,161,81,1764,1684,6.455808e-8,1
804,81,1441,1684,3044,1.0974873600000002e-6,1
805,1441,1121,3044,2724,2.582323200000001e-7,1
806,1121,1682,2724,3285,4.6670196882172753e-7,1
807,1682,1522,3285,3125,1.2911615999999982e-7,1
808,1522,1362,3125,2965,1.291161600000001e-7,1
809,1362,1202,2965,2805,1.2911616000000005e-7,1
810,1202,1042,2805,2645,1.2911616000000005e-7,1
811,1042,882,2645,2485,1.2911616000000005e-7,1
812,882,802,2485,2405,6.455807999999991e-8,1
813,802,722,2405,2325,6.455807999999999e-8,1
814,722,642,2325,2245,6.455807999999999e-8,1
815,642,562,2245,2165,6.455807999999999e-8,1
816,562,482,2165,2085,6.455807999999996e-8,1
817,482,1602,2085,3205,9.038131200000001e-7,1
818,1602,402,3205,2005,9.683712000000003e-7,1
819,402,322,2005,1925,6.455808000000005e-8,1
820,322,1442,1925,3045,9.038131200000002e-7,1
821,1442,242,3045,1845,9.683712000000003e-7,1
822,242,82,1845,1685,1.2911616e-7,1
823,82,162,1685,1765,6.455807999999996e-8,1
824,162,1282,1765,2885,9.0381312e-7,1
825,1282,1122,2885,2725,1.2911616000000005e-7,1
826,1122,962,2725,2565,1.2911616000000013e-7,1
827,962,1683,2565,3286,5.916560847833836e-7,1
828,1683,1523,3286,3126,1.2911615999999984e-7,1
829,1523,1363,3126,2966,1.2911616000000003e-7,1
830,1363,1203,2966,2806,1.291161600000001e-7,1
831,1203,1043,2806,2646,1.2911615999999992e-7,1
832,1043,1603,2646,3206,4.5190656e-7,1
833,1603,1443,3206,3046,1.2911615999999987e-7,1
834,1443,1283,3046,2886,1.2911616000000003e-7,1
835,1283,1123,2886,2726,1.2911616000000013e-7,1
836,1123,963,2726,2566,1.2911616000000013e-7,1
837,963,883,2566,2486,6.455807999999992e-8,1
838,883,803,2486,2406,6.455808e-8,1
839,803,723,2406,2326,6.455807999999993e-8,1
840,723,643,2326,2246,6.455808000000001e-8,1
841,643,563,2246,2166,6.455808000000009e-8,1
842,563,483,2166,2086,6.455808000000003e-8,1
843,483,163,2086,1766,2.5823231999999995e-7,1
844,163,403,1766,2006,1.9367424000000007e-7,1
845,403,83,2006,1686,2.5823232e-7,1
846,83,323,1686,1926,1.9367423999999994e-7,1
847,323,243,1926,1846,6.455808e-8,1
848,243,1604,1846,3207,1.1006961857399592e-6,1
849,1604,1444,3207,3047,1.2911616000000005e-7,1
850,1444,1284,3047,2887,1.2911616000000005e-7,1
851,1284,1124,2887,2727,1.291161600000001e-7,1
852,1124,964,2727,2567,1.2911616000000013e-7,1
853,964,884,2567,2487,6.455807999999996e-8,1
854,884,804,2487,2407,6.455807999999996e-8,1
855,804,724,2407,2327,6.455807999999991e-8,1
856,724,644,2327,2247,6.455808000000003e-8,1
857,644,564,2247,2167,6.455808000000005e-8,1
858,564,244,2167,1847,2.5823232e-7,1
859,244,164,1847,1767,6.455807999999992e-8,1
860,164,84,1767,1687,6.455808000000007e-8,1
861,84,484,1687,2087,3.2279040000000007e-7,1
862,484,404,2087,2007,6.455808000000005e-8,1
863,404,1524,2007,3127,9.038131200000002e-7,1
864,1524,324,3127,1927,9.683711999999998e-7,1
865,324,1364,1927,2967,8.392550399999999e-7,1
866,1364,1204,2967,2807,1.291161600000001e-7,1
867,1204,1044,2807,2647,1.2911616000000003e-7,1
868,1044,1605,2647,3208,4.655259395206798e-7,1
869,1605,1445,3208,3048,1.2911615999999992e-7,1
870,1445,1285,3048,2888,1.2911616000000019e-7,1
871,1285,1125,2888,2728,1.2911616000000003e-7,1
872,1125,965,2728,2568,1.291161600000001e-7,1
873,965,1525,2568,3128,4.5190656000000025e-7,1
874,1525,1365,3128,2968,1.2911616000000005e-7,1
875,1365,1205,2968,2808,1.2911616000000013e-7,1
876,1205,1045,2808,2648,1.2911616000000005e-7,1
877,1045,885,2648,2488,1.2911615999999995e-7,1
878,885,245,2488,1848,5.1646464e-7,1
879,245,805,1848,2408,4.5190656e-7,1
880,805,165,2408,1768,5.1646464e-7,1
881,165,725,1768,2328,4.519065600000001e-7,1
882,725,85,2328,1688,5.164646400000001e-7,1
883,85,645,1688,2248,4.5190656000000004e-7,1
884,645,565,2248,2168,6.455808000000007e-8,1
885,565,485,2168,2088,6.455807999999985e-8,1
886,485,405,2088,2008,6.455808000000005e-8,1
887,405,325,2008,1928,6.455808e-8,1
888,325,1526,1928,3129,9.721218366556956e-7,1
889,1526,1366,3129,2969,1.2911615999999992e-7,1
890,1366,1206,2969,2809,1.2911616000000013e-7,1
891,1206,1046,2809,2649,1.2911616000000019e-7,1
892,1046,886,2649,2489,1.2911615999999984e-7,1
893,886,806,2489,2409,6.455808000000003e-8,1
894,806,726,2409,2329,6.455807999999992e-8,1
895,726,646,2329,2249,6.455808000000007e-8,1
896,646,566,2249,2169,6.455808000000009e-8,1
897,566,486,2169,2089,6.455807999999997e-8,1
898,486,406,2089,2009,6.455807999999996e-8,1
899,406,326,2009,1929,6.455807999999996e-8,1
900,326,246,1929,1849,6.455808000000001e-8,1
901,246,86,1849,1689,1.2911616000000005e-7,1
902,86,166,1689,1769,6.455808000000009e-8,1
903,166,1606,1769,3209,1.1620454400000001e-6,1
904,1606,1446,3209,3049,1.2911616000000005e-7,1
905,1446,1286,3049,2889,1.2911616e-7,1
906,1286,1126,2889,2729,1.2911616000000019e-7,1
907,1126,966,2729,2569,1.2911616000000005e-7,1
908,966,1527,2569,3130,4.6438386652776116e-7,1
909,1527,1367,3130,2970,1.2911616000000003e-7,1
910,1367,1207,2970,2810,1.2911616000000013e-7,1
911,1207,1047,2810,2650,1.2911616000000016e-7,1
912,1047,487,2650,2090,4.5190656e-7,1
913,487,1607,2090,3210,9.038131200000002e-7,1
914,1607,407,3210,2010,9.683712000000003e-7,1
915,407,327,2010,1930,6.455808e-8,1
916,327,1447,1930,3050,9.038131200000002e-7,1
917,1447,247,3050,1850,9.683712000000003e-7,1
918,247,1287,1850,2890,8.392550400000002e-7,1
919,1287,1127,2890,2730,1.291161600000002e-7,1
920,1127,167,2730,1770,7.746969600000001e-7,1
921,167,87,1770,1690,6.455808e-8,1
922,87,967,1690,2570,7.1013888e-7,1
923,967,887,2570,2490,6.455807999999991e-8,1
924,887,807,2490,2410,6.455807999999991e-8,1
925,807,727,2410,2330,6.45580800000001e-8,1
926,727,647,2330,2250,6.455808000000003e-8,1
927,647,567,2250,2170,6.455808000000004e-8,1
928,567,1608,2170,3211,8.447612612316394e-7,1
929,1608,1448,3211,3051,1.2911616000000003e-7,1
930,1448,1288,3051,2891,1.2911615999999995e-7,1
931,1288,1128,2891,2731,1.2911616000000032e-7,1
932,1128,968,2731,2571,1.2911616e-7,1
933,968,888,2571,2491,6.455808000000001e-8,1
934,888,808,2491,2411,6.455807999999984e-8,1
935,808,728,2411,2331,6.455808000000008e-8,1
936,728,648,2331,2251,6.455808000000005e-8,1
937,648,568,2251,2171,6.455808e-8,1
938,568,488,2171,2091,6.455808000000001e-8,1
939,488,408,2091,2011,6.455807999999987e-8,1
940,408,328,2011,1931,6.455808000000003e-8,1
941,328,248,1931,1851,6.455808000000003e-8,1
942,248,168,1851,1771,6.455808000000003e-8,1
943,168,88,1771,1691,6.455807999999999e-8,1
944,88,1528,1691,3131,1.1620454400000001e-6,1
945,1528,1368,3131,2971,1.2911616e-7,1
946,1368,1208,2971,2811,1.2911616000000019e-7,1
947,1208,1048,2811,2651,1.2911616000000003e-7,1
948,1048,1609,2651,3212,4.6558584608755017e-7,1
949,1609,1449,3212,3052,1.2911615999999995e-7,1
950,1449,1289,3052,2892,1.2911616e-7,1
951,1289,1129,2892,2732,1.2911616000000027e-7,1
952,1129,969,2732,2572,1.2911616000000008e-7,1
953,969,809,2572,2412,1.2911615999999987e-7,1
954,809,649,2412,2252,1.291161600000001e-7,1
955,649,489,2252,2092,1.2911615999999995e-7,1
956,489,409,2092,2012,6.455807999999996e-8,1
957,409,1529,2012,3132,9.038131200000002e-7,1
958,1529,329,3132,1932,9.683712e-7,1
959,329,249,1932,1852,6.455808000000007e-8,1
960,249,1369,1852,2972,9.038131200000002e-7,1
961,1369,169,2972,1772,9.683712000000003e-7,1
962,169,89,1772,1692,6.455808e-8,1
963,89,1209,1692,2812,9.0381312e-7,1
964,1209,1049,2812,2652,1.2911616e-7,1
965,1049,889,2652,2492,1.2911616e-7,1
966,889,729,2492,2332,1.2911616000000013e-7,1
967,729,569,2332,2172,1.2911615999999992e-7,1
968,569,1610,2172,3213,8.447755063456793e-7,1
969,1610,1450,3213,3053,1.2911615999999992e-7,1
970,1450,1290,3053,2893,1.2911616000000016e-7,1
971,1290,1130,2893,2733,1.2911616000000013e-7,1
972,1130,970,2733,2573,1.2911615999999992e-7,1
973,970,1530,2573,3133,4.519065600000001e-7,1
974,1530,1370,3133,2973,1.2911615999999982e-7,1
975,1370,1210,2973,2813,1.2911616000000042e-7,1
976,1210,1050,2813,2653,1.2911616e-7,1
977,1050,890,2653,2493,1.2911616e-7,1
978,890,810,2493,2413,6.455807999999996e-8,1
979,810,730,2413,2333,6.455808000000001e-8,1
980,730,650,2333,2253,6.455808000000001e-8,1
981,650,570,2253,2173,6.455808000000001e-8,1
982,570,490,2173,2093,6.455807999999997e-8,1
983,490,410,2093,2013,6.455807999999996e-8,1
984,410,250,2013,1853,1.2911615999999997e-7,1
985,250,330,1853,1933,6.455808e-8,1
986,330,90,1933,1693,1.9367424000000007e-7,1
987,90,170,1693,1773,6.455807999999997e-8,1
988,170,1531,1773,3134,1.100350734748204e-6,1
989,1531,1371,3134,2974,1.2911616e-7,1
990,1371,1211,2974,2814,1.291161600000002e-7,1
991,1211,1051,2814,2654,1.2911615999999995e-7,1
992,1051,891,2654,2494,1.2911615999999995e-7,1
993,891,811,2494,2414,6.455808000000012e-8,1
994,811,731,2414,2334,6.455807999999996e-8,1
995,731,651,2334,2254,6.455808e-8,1
996,651,571,2254,2174,6.455808e-8,1
997,571,491,2174,2094,6.455807999999993e-8,1
998,491,171,2094,1774,2.5823232000000005e-7,1
999,171,1611,1774,3214,1.1620454400000001e-6,1
1000,1611,91,3214,1694,1.22660352e-6,1
1001,91,411,1694,2014,2.5823232000000005e-7,1
1002,411,331,2014,1934,6.455807999999997e-8,1
1003,331,1451,1934,3054,9.038131200000001e-7,1
1004,1451,251,3054,1854,9.683712000000003e-7,1
1005,251,1291,1854,2894,8.392550399999999e-7,1
1006,1291,1131,2894,2734,1.2911616000000019e-7,1
1007,1131,971,2734,2574,1.2911615999999992e-7,1
1008,971,1532,2574,3135,4.644555829788948e-7,1
1009,1532,1372,3135,2975,1.2911616000000019e-7,1
1010,1372,1212,2975,2815,1.2911616000000019e-7,1
1011,1212,1052,2815,2655,1.2911615999999992e-7,1
1012,1052,1612,2655,3215,4.5190656000000025e-7,1
1013,1612,1452,3215,3055,1.2911616e-7,1
1014,1452,1292,3055,2895,1.291161600000003e-7,1
1015,1292,1132,2895,2735,1.2911615999999992e-7,1
1016,1132,972,2735,2575,1.2911616e-7,1
1017,972,252,2575,1855,5.8102272e-7,1
1018,252,892,1855,2495,5.1646464e-7,1
1019,892,812,2495,2415,6.455808000000005e-8,1
1020,812,172,2415,1775,5.1646464e-7,1
1021,172,732,1775,2335,4.5190656e-7,1
1022,732,652,2335,2255,6.455807999999996e-8,1
1023,652,572,2255,2175,6.455808e-8,1
1024,572,92,2175,1695,3.8734848e-7,1
1025,92,492,1695,2095,3.2279039999999996e-7,1
1026,492,412,2095,2015,6.455807999999991e-8,1
1027,412,332,2015,1935,6.455808000000003e-8,1
1028,332,1613,1935,3216,1.036647874788373e-6,1
1029,1613,1453,3216,3056,1.2911616000000003e-7,1
1030,1453,1293,3056,2896,1.291161600000003e-7,1
1031,1293,1133,2896,2736,1.2911616e-7,1
1032,1133,973,2736,2576,1.2911616e-7,1
1033,973,893,2576,2496,6.455807999999996e-8,1
1034,893,813,2496,2416,6.455808000000013e-8,1
1035,813,733,2416,2336,6.455807999999996e-8,1
1036,733,653,2336,2256,6.455807999999997e-8,1
1037,653,573,2256,2176,6.455807999999999e-8,1
1038,573,493,2176,2096,6.455808e-8,1
1039,493,413,2096,2016,6.455807999999991e-8,1
1040,413,333,2016,1936,6.455808000000005e-8,1
1041,333,253,1936,1856,6.455808000000005e-8,1
1042,253,173,1856,1776,6.455807999999997e-8,1
1043,173,93,1776,1696,6.455808e-8,1
1044,93,1533,1696,3136,1.1620454400000001e-6,1
1045,1533,1373,3136,2976,1.2911616000000019e-7,1
1046,1373,1213,2976,2816,1.2911616000000008e-7,1
1047,1213,1053,2816,2656,1.2911616000000003e-7,1
1048,1053,1614,2656,3217,4.6566091245333513e-7,1
1049,1614,1454,3217,3057,1.2911616000000003e-7,1
1050,1454,1294,3057,2897,1.2911616000000013e-7,1
1051,1294,1134,2897,2737,1.2911616000000005e-7,1
1052,1134,974,2737,2577,1.2911615999999992e-7,1
1053,974,414,2577,2017,4.5190656e-7,1
1054,414,1534,2017,3137,9.038131200000002e-7,1
1055,1534,334,3137,1937,9.683712000000003e-7,1
1056,334,1374,1937,2977,8.392550399999999e-7,1
1057,1374,1214,2977,2817,1.2911616e-7,1
1058,1214,1054,2817,2657,1.2911615999999995e-7,1
1059,1054,894,2657,2497,1.2911615999999995e-7,1
1060,894,94,2497,1697,6.455807999999999e-7,1
1061,94,254,1697,1857,1.2911616e-7,1
1062,254,814,1857,2417,4.5190656e-7,1
1063,814,174,2417,1777,5.1646464e-7,1
1064,174,734,1777,2337,4.5190656e-7,1
1065,734,654,2337,2257,6.455808000000003e-8,1
1066,654,494,2257,2097,1.2911615999999992e-7,1
1067,494,574,2097,2177,6.455807999999997e-8,1
1068,574,1535,2177,3138,7.8044348375159e-7,1
1069,1535,1375,3138,2978,1.2911616000000032e-7,1
1070,1375,1215,2978,2818,1.2911615999999992e-7,1
1071,1215,1055,2818,2658,1.2911616e-7,1
1072,1055,895,2658,2498,1.2911616000000003e-7,1
1073,895,815,2498,2418,6.455808000000005e-8,1
1074,815,735,2418,2338,6.455807999999993e-8,1
1075,735,655,2338,2258,6.455808e-8,1
1076,655,495,2258,2098,1.2911616000000005e-7,1
1077,495,575,2098,2178,6.455808e-8,1
1078,575,415,2178,2018,1.2911615999999992e-7,1
1079,415,335,2018,1938,6.455808000000004e-8,1
1080,335,255,1938,1858,6.455807999999997e-8,1
1081,255,175,1858,1778,6.455808000000001e-8,1
1082,175,95,1778,1698,6.455808e-8,1
1083,95,1615,1698,3218,1.22660352e-6,1
1084,1615,1455,3218,3058,1.291161600000002e-7,1
1085,1455,1295,3058,2898,1.291161600000001e-7,1
1086,1295,1135,2898,2738,1.2911616000000003e-7,1
1087,1135,975,2738,2578,1.2911615999999997e-7,1
1088,975,1536,2578,3139,4.6451310374720366e-7,1
1089,1536,1376,3139,2979,1.2911616000000027e-7,1
1090,1376,1216,2979,2819,1.2911615999999997e-7,1
1091,1216,1056,2819,2659,1.2911616e-7,1
1092,1056,896,2659,2499,1.2911616e-7,1
1093,896,1616,2499,3219,5.810227200000003e-7,1
1094,1616,416,3219,2019,9.683712000000003e-7,1
1095,416,336,2019,1939,6.455808e-8,1
1096,336,256,1939,1859,6.455808e-8,1
1097,256,1456,1859,3059,9.683711999999998e-7,1
1098,1456,176,3059,1779,1.03292928e-6,1
1099,176,1296,1779,2899,9.0381312e-7,1
1100,1296,96,2899,1699,9.683711999999998e-7,1
1101,96,1136,1699,2739,8.392550399999999e-7,1
1102,1136,976,2739,2579,1.2911616000000005e-7,1
1103,976,816,2579,2419,1.2911615999999992e-7,1
1104,816,736,2419,2339,6.455808000000001e-8,1
1105,736,656,2339,2259,6.455808e-8,1
1106,656,576,2259,2179,6.455807999999997e-8,1
1107,576,496,2179,2099,6.455807999999996e-8,1
1108,496,1537,2099,3140,8.442677279685133e-7,1
1109,1537,1217,3140,2820,2.5823231999999995e-7,1
1110,1217,897,2820,2500,2.5823232e-7,1
1111,897,1617,2500,3220,5.810227200000001e-7,1
1112,1617,1457,3220,3060,1.291161600000001e-7,1
1113,1457,1297,3060,2900,1.2911615999999992e-7,1
1114,1297,1137,2900,2740,1.2911615999999997e-7,1
1115,1137,977,2740,2580,1.2911616000000003e-7,1
1116,977,817,2580,2420,1.2911615999999995e-7,1
1117,817,737,2420,2340,6.455808000000005e-8,1
1118,737,657,2340,2260,6.455807999999993e-8,1
1119,657,577,2260,2180,6.455808000000007e-8,1
1120,577,497,2180,2100,6.455807999999993e-8,1
1121,497,417,2100,2020,6.455807999999996e-8,1
1122,417,337,2020,1940,6.455808000000001e-8,1
1123,337,257,1940,1860,6.455808e-8,1
1124,257,177,1860,1780,6.455808e-8,1
1125,177,97,1780,1700,6.455808000000003e-8,1
1126,97,1377,1700,2980,1.03292928e-6,1
1127,1377,1057,2980,2660,2.5823232e-7,1
1128,1057,1618,2660,3221,4.657211120103154e-7,1
1129,1618,1458,3221,3061,1.2911616000000019e-7,1
1130,1458,1298,3061,2901,1.2911615999999984e-7,1
1131,1298,1138,2901,2741,1.2911616000000003e-7,1
1132,1138,978,2741,2581,1.2911615999999992e-7,1
1133,978,818,2581,2421,1.2911616000000005e-7,1
1134,818,738,2421,2341,6.455807999999992e-8,1
1135,738,658,2341,2261,6.455808000000005e-8,1
1136,658,578,2261,2181,6.455807999999997e-8,1
1137,578,498,2181,2101,6.455807999999997e-8,1
1138,498,418,2101,2021,6.455808000000001e-8,1
1139,418,1538,2021,3141,9.0381312e-7,1
1140,1538,338,3141,1941,9.683711999999998e-7,1
1141,338,98,1941,1701,1.9367423999999994e-7,1
1142,98,258,1701,1861,1.2911616e-7,1
1143,258,1378,1861,2981,9.038131199999998e-7,1
1144,1378,178,2981,1781,9.683711999999998e-7,1
1145,178,1218,1781,2821,8.392550399999999e-7,1
1146,1218,1058,2821,2661,1.2911615999999995e-7,1
1147,1058,898,2661,2501,1.2911616e-7,1
1148,898,1619,2501,3222,5.909170399315559e-7,1
1149,1619,1459,3222,3062,1.2911615999999995e-7,1
1150,1459,1299,3062,2902,1.2911616000000005e-7,1
1151,1299,1139,2902,2742,1.2911616e-7,1
1152,1139,979,2742,2582,1.2911615999999987e-7,1
1153,979,1539,2582,3142,4.5190656e-7,1
1154,1539,1379,3142,2982,1.2911616000000008e-7,1
1155,1379,1219,2982,2822,1.2911615999999992e-7,1
1156,1219,1059,2822,2662,1.2911616000000005e-7,1
1157,1059,899,2662,2502,1.2911616000000003e-7,1
1158,899,819,2502,2422,6.455807999999996e-8,1
1159,819,739,2422,2342,6.455807999999996e-8,1
1160,739,659,2342,2262,6.45580800000001e-8,1
1161,659,579,2262,2182,6.455807999999988e-8,1
1162,579,499,2182,2102,6.455808000000003e-8,1
1163,499,179,2102,1782,2.5823232e-7,1
1164,179,99,1782,1702,6.455807999999997e-8,1
1165,99,419,1702,2022,2.5823231999999995e-7,1
1166,419,339,2022,1942,6.455807999999997e-8,1
1167,339,259,1942,1862,6.455807999999997e-8,1
1168,259,1540,1862,3143,1.0362672144133326e-6,1
1169,1540,1380,3143,2983,1.2911615999999984e-7,1
1170,1380,1220,2983,2823,1.2911616000000005e-7,1
1171,1220,1060,2823,2663,1.2911616000000013e-7,1
1172,1060,900,2663,2503,1.291161599999999e-7,1
1173,900,820,2503,2423,6.455807999999993e-8,1
1174,820,740,2423,2343,6.455808000000007e-8,1
1175,740,660,2343,2263,6.455808000000007e-8,1
1176,660,580,2263,2183,6.455807999999992e-8,1
1177,580,500,2183,2103,6.455807999999999e-8,1
1178,500,260,2103,1863,1.9367424000000001e-7,1
1179,260,180,1863,1783,6.455807999999996e-8,1
1180,180,100,1783,1703,6.455807999999997e-8,1
1181,100,1620,1703,3223,1.2266035199999997e-6,1
1182,1620,420,3223,2023,9.683711999999998e-7,1
1183,420,340,2023,1943,6.455808000000009e-8,1
1184,340,1460,1943,3063,9.038131200000001e-7,1
1185,1460,1300,3063,2903,1.2911616e-7,1
1186,1300,1140,2903,2743,1.2911616000000005e-7,1
1187,1140,980,2743,2583,1.2911615999999997e-7,1
1188,980,1541,2583,3144,4.645851891368866e-7,1
1189,1541,1381,3144,2984,1.2911616e-7,1
1190,1381,1221,2984,2824,1.2911616e-7,1
1191,1221,1061,2824,2664,1.2911616e-7,1
1192,1061,901,2664,2504,1.2911616e-7,1
1193,901,1621,2504,3224,5.8102272e-7,1
1194,1621,1461,3224,3064,1.2911616e-7,1
1195,1461,1301,3064,2904,1.2911616e-7,1
1196,1301,1141,2904,2744,1.2911616e-7,1
1197,1141,981,2744,2584,1.2911616e-7,1
1198,981,261,2584,1864,5.8102272e-7,1
1199,261,821,1864,2424,4.5190656e-7,1
1200,821,181,2424,1784,5.1646464e-7,1
1201,181,741,1784,2344,4.5190656e-7,1
1202,741,101,2344,1704,5.1646464e-7,1
1203,101,661,1704,2264,4.5190656e-7,1
1204,661,581,2264,2184,6.455808e-8,1
1205,581,501,2184,2104,6.455808e-8,1
1206,501,421,2104,2024,6.455808e-8,1
1207,421,341,2024,1944,6.455808e-8,1
1208,341,1622,1944,3225,1.0366962249090987e-6,1
1209,1622,1462,3225,3065,1.2911615999999997e-7,1
1210,1462,1302,3065,2905,1.2911616e-7,1
1211,1302,1142,2905,2745,1.2911616e-7,1
1212,1142,982,2745,2585,1.2911616e-7,1
1213,982,822,2585,2425,1.2911616e-7,1
1214,822,742,2425,2345,6.455808000000005e-8,1
1215,742,662,2345,2265,6.455807999999992e-8,1
1216,662,582,2265,2185,6.455808e-8,1
1217,582,502,2185,2105,6.455808e-8,1
1218,502,422,2105,2025,6.455808e-8,1
1219,422,342,2025,1945,6.455808e-8,1
1220,342,102,1945,1705,1.9367424e-7,1
1221,102,262,1705,1865,1.2911616000000003e-7,1
1222,262,182,1865,1785,6.455807999999997e-8,1
1223,182,1542,1785,3145,1.0974873599999998e-6,1
1224,1542,1382,3145,2985,1.2911615999999984e-7,1
1225,1382,1222,2985,2825,1.2911615999999992e-7,1
1226,1222,1062,2825,2665,1.2911616000000013e-7,1
1227,1062,902,2665,2505,1.2911615999999992e-7,1
1228,902,1623,2505,3226,5.909624420468917e-7,1
1229,1623,1463,3226,3066,1.2911615999999987e-7,1
1230,1463,1303,3066,2906,1.2911616000000005e-7,1
1231,1303,1143,2906,2746,1.2911616e-7,1
1232,1143,983,2746,2586,1.2911615999999995e-7,1
1233,983,423,2586,2026,4.5190656e-7,1
1234,423,343,2026,1946,6.455808000000005e-8,1
1235,343,1543,1946,3146,9.683712e-7,1
1236,1543,263,3146,1866,1.03292928e-6,1
1237,263,183,1866,1786,6.455808e-8,1
1238,183,1383,1786,2986,9.683711999999998e-7,1
1239,1383,1223,2986,2826,1.2911615999999992e-7,1
1240,1223,1063,2826,2666,1.2911616000000003e-7,1
1241,1063,103,2666,1706,7.7469696e-7,1
1242,103,903,1706,2506,6.455807999999999e-7,1
1243,903,823,2506,2426,6.45580800000001e-8,1
1244,823,743,2426,2346,6.455807999999988e-8,1
1245,743,663,2346,2266,6.455808000000003e-8,1
1246,663,583,2266,2186,6.455808000000004e-8,1
1247,583,503,2186,2106,6.45580799999999e-8,1
1248,503,1544,2106,3147,8.443153338220742e-7,1
1249,1544,1384,3147,2987,1.2911615999999982e-7,1
1250,1384,1224,2987,2827,1.2911616000000005e-7,1
1251,1224,1064,2827,2667,1.2911616000000003e-7,1
1252,1064,904,2667,2507,1.2911615999999995e-7,1
1253,904,824,2507,2427,6.455808000000003e-8,1
1254,824,744,2427,2347,6.455807999999992e-8,1
1255,744,664,2347,2267,6.455808000000007e-8,1
1256,664,584,2267,2187,6.455807999999993e-8,1
1257,584,504,2187,2107,6.455808e-8,1
1258,504,424,2107,2027,6.455808000000001e-8,1
1259,424,344,2027,1947,6.455807999999999e-8,1
1260,344,264,1947,1867,6.455808e-8,1
1261,264,184,1867,1787,6.455808e-8,1
1262,184,104,1787,1707,6.455807999999999e-8,1
1263,104,1624,1707,3227,1.2266035199999999e-6,1
1264,1624,1464,3227,3067,1.2911616000000008e-7,1
1265,1464,1304,3067,2907,1.2911615999999992e-7,1
1266,1304,1144,2907,2747,1.2911616e-7,1
1267,1144,984,2747,2587,1.2911616000000003e-7,1
1268,984,1545,2587,3148,4.6464300493255654e-7,1
1269,1545,1385,3148,2988,1.2911615999999987e-7,1
1270,1385,1225,2988,2828,1.2911616000000003e-7,1
1271,1225,1065,2828,2668,1.2911615999999992e-7,1
1272,1065,905,2668,2508,1.2911616000000005e-7,1
1273,905,745,2508,2348,1.2911616e-7,1
1274,745,585,2348,2188,1.2911616e-7,1
1275,585,1625,2188,3228,8.392550399999999e-7,1
1276,1625,425,3228,2028,9.683711999999998e-7,1
1277,425,345,2028,1948,6.455807999999993e-8,1
1278,345,265,1948,1868,6.455807999999996e-8,1
1279,265,1465,1868,3068,9.683711999999998e-7,1
1280,1465,185,3068,1788,1.03292928e-6,1
1281,185,105,1788,1708,6.455808000000003e-8,1
1282,105,1305,1708,2908,9.683711999999998e-7,1
1283,1305,1145,2908,2748,1.2911615999999992e-7,1
1284,1145,985,2748,2588,1.2911616000000003e-7,1
1285,985,825,2588,2428,1.2911615999999992e-7,1
1286,825,665,2428,2268,1.2911616000000003e-7,1
1287,665,505,2268,2108,1.2911616000000003e-7,1
1288,505,1546,2108,3149,8.443289777980412e-7,1
1289,1546,1386,3149,2989,1.291161600000001e-7,1
1290,1386,1226,2989,2829,1.2911615999999992e-7,1
1291,1226,1066,2829,2669,1.2911616e-7,1
1292,1066,906,2669,2509,1.2911616000000005e-7,1
1293,906,1626,2509,3229,5.810227199999999e-7,1
1294,1626,1466,3229,3069,1.2911615999999992e-7,1
1295,1466,1306,3069,2909,1.2911615999999984e-7,1
1296,1306,1146,2909,2749,1.2911616000000008e-7,1
1297,1146,986,2749,2589,1.2911615999999995e-7,1
1298,986,826,2589,2429,1.2911616e-7,1
1299,826,746,2429,2349,6.455808000000009e-8,1
1300,746,666,2349,2269,6.455807999999991e-8,1
1301,666,586,2269,2189,6.455808000000004e-8,1
1302,586,506,2189,2109,6.455807999999997e-8,1
1303,506,426,2109,2029,6.455808000000001e-8,1
1304,426,346,2029,1949,6.455808000000001e-8,1
1305,346,266,1949,1869,6.455807999999992e-8,1
1306,266,106,1869,1709,1.291161600000001e-7,1
1307,106,186,1709,1789,6.455808000000009e-8,1
1308,186,1627,1789,3230,1.1649469939615708e-6,1
1309,1627,1467,3230,3070,1.2911615999999997e-7,1
1310,1467,1307,3070,2910,1.2911616e-7,1
1311,1307,1147,2910,2750,1.2911616e-7,1
1312,1147,987,2750,2590,1.2911616e-7,1
1313,987,667,2590,2270,2.5823232000000005e-7,1
1314,667,747,2270,2350,6.455808000000003e-8,1
1315,747,827,2350,2430,6.455807999999996e-8,1
1316,827,587,2430,2190,1.9367423999999994e-7,1
1317,587,507,2190,2110,6.455808000000001e-8,1
1318,507,107,2110,1710,3.2279040000000007e-7,1
1319,107,347,1710,1950,1.9367424e-7,1
1320,347,427,1950,2030,6.455808000000003e-8,1
1321,427,1547,2030,3150,9.0381312e-7,1
1322,1547,267,3150,1870,1.03292928e-6,1
1323,267,187,1870,1790,6.455808000000003e-8,1
1324,187,1227,1790,2830,8.392550399999999e-7,1
1325,1227,1387,2830,2990,1.2911615999999992e-7,1
1326,1387,1067,2990,2670,2.582323199999999e-7,1
1327,1067,907,2670,2510,1.2911616e-7,1
1328,907,1628,2510,3231,5.910193426339534e-7,1
1329,1628,1468,3231,3071,1.2911615999999987e-7,1
1330,1468,1308,3071,2911,1.2911616000000013e-7,1
1331,1308,1148,2911,2751,1.2911615999999992e-7,1
1332,1148,988,2751,2591,1.2911616e-7,1
1333,988,1548,2591,3151,4.5190656e-7,1
1334,1548,1228,3151,2831,2.5823232e-7,1
1335,1228,1388,2831,2991,1.2911616e-7,1
1336,1388,908,2991,2511,3.8734848e-7,1
1337,908,1068,2511,2671,1.2911616000000003e-7,1
1338,1068,188,2671,1791,7.101388800000001e-7,1
1339,188,268,1791,1871,6.455808000000005e-8,1
1340,268,668,1871,2271,3.227904e-7,1
1341,668,748,2271,2351,6.455807999999999e-8,1
1342,748,828,2351,2431,6.455808e-8,1
1343,828,108,2431,1711,5.810227200000001e-7,1
1344,108,588,1711,2191,3.8734848000000003e-7,1
1345,588,348,2191,1951,1.9367424e-7,1
1346,348,428,1951,2031,6.455808e-8,1
1347,428,508,2031,2111,6.455807999999999e-8,1
1348,508,1549,2111,3152,8.443494790115113e-7,1
1349,1549,1389,3152,2992,1.2911616000000003e-7,1
1350,1389,1229,2992,2832,1.2911616e-7,1
1351,1229,909,2832,2512,2.5823232000000005e-7,1
1352,909,1069,2512,2672,1.2911616000000005e-7,1
1353,1069,749,2672,2352,2.5823232e-7,1
1354,749,829,2352,2432,6.455808000000001e-8,1
1355,829,669,2432,2272,1.2911615999999995e-7,1
1356,669,509,2272,2112,1.2911616000000003e-7,1
1357,509,589,2112,2192,6.455808000000003e-8,1
1358,589,349,2192,1952,1.9367424e-7,1
1359,349,429,1952,2032,6.455807999999997e-8,1
1360,429,269,2032,1872,1.2911616e-7,1
1361,269,109,1872,1712,1.2911616000000005e-7,1
1362,109,189,1712,1792,6.455807999999999e-8,1
1363,189,1629,1792,3232,1.1620454400000001e-6,1
1364,1629,1469,3232,3072,1.2911616000000005e-7,1
1365,1469,1309,3072,2912,1.2911615999999997e-7,1
1366,1309,1149,2912,2752,1.2911616000000003e-7,1
1367,1149,989,2752,2592,1.2911616e-7,1
1368,989,1550,2592,3153,4.6471545895177316e-7,1
1369,1550,1390,3153,2993,1.2911616000000003e-7,1
1370,1390,1230,2993,2833,1.2911616000000005e-7,1
1371,1230,910,2833,2513,2.5823232e-7,1
1372,910,1070,2513,2673,1.2911616e-7,1
1373,1070,350,2673,1953,5.810227199999999e-7,1
1374,350,430,1953,2033,6.455807999999995e-8,1
1375,430,1630,2033,3233,9.683711999999998e-7,1
1376,1630,1470,3233,3073,1.2911616e-7,1
1377,1470,1310,3073,2913,1.2911616000000008e-7,1
1378,1310,1150,2913,2753,1.2911615999999997e-7,1
1379,1150,990,2753,2593,1.2911615999999995e-7,1
1380,990,110,2593,1713,7.1013888e-7,1
1381,110,270,1713,1873,1.2911616000000005e-7,1
1382,270,830,1873,2433,4.5190656e-7,1
1383,830,190,2433,1793,5.1646464e-7,1
1384,190,670,1793,2273,3.8734848000000003e-7,1
1385,670,750,2273,2353,6.455807999999997e-8,1
1386,750,510,2353,2113,1.9367424e-7,1
1387,510,590,2113,2193,6.455808e-8,1
1388,590,1631,2193,3234,8.449262131056178e-7,1
1389,1631,1471,3234,3074,1.2911615999999995e-7,1
1390,1471,1311,3074,2914,1.2911616000000013e-7,1
1391,1311,1151,2914,2754,1.2911615999999995e-7,1
1392,1151,991,2754,2594,1.2911615999999995e-7,1
1393,991,831,2594,2434,1.2911616000000003e-7,1
1394,831,671,2434,2274,1.2911615999999992e-7,1
1395,671,751,2274,2354,6.455807999999997e-8,1
1396,751,511,2354,2114,1.9367424e-7,1
1397,511,591,2114,2194,6.455808000000001e-8,1
1398,591,351,2194,1954,1.9367424e-7,1
1399,351,431,1954,2034,6.455808000000001e-8,1
1400,431,271,2034,1874,1.2911616000000005e-7,1
1401,271,191,1874,1794,6.455808000000007e-8,1
1402,191,111,1794,1714,6.455807999999997e-8,1
1403,111,1551,1714,3154,1.16204544e-6,1
1404,1551,1391,3154,2994,1.2911616000000005e-7,1
1405,1391,1231,2994,2834,1.2911615999999992e-7,1
1406,1231,911,2834,2514,2.582323199999999e-7,1
1407,911,1071,2514,2674,1.2911615999999995e-7,1
1408,1071,1632,2674,3235,4.659328349476114e-7,1
1409,1632,1472,3235,3075,1.2911615999999995e-7,1
1410,1472,1312,3075,2915,1.2911615999999997e-7,1
1411,1312,1152,2915,2755,1.2911616e-7,1
1412,1152,992,2755,2595,1.2911616e-7,1
1413,992,352,2595,1955,5.1646464e-7,1
1414,352,432,1955,2035,6.455807999999999e-8,1
1415,432,1552,2035,3155,9.0381312e-7,1
1416,1552,272,3155,1875,1.03292928e-6,1
1417,272,1392,1875,2995,9.0381312e-7,1
1418,1392,192,2995,1795,9.683711999999998e-7,1
1419,192,1232,1795,2835,8.392550399999999e-7,1
1420,1232,112,2835,1715,9.038131200000001e-7,1
1421,112,912,1715,2515,6.455807999999999e-7,1
1422,912,1072,2515,2675,1.291161600000001e-7,1
1423,1072,832,2675,2435,1.9367424000000007e-7,1
1424,832,592,2435,2195,1.9367424e-7,1
1425,592,672,2195,2275,6.455808000000001e-8,1
1426,672,752,2275,2355,6.455808e-8,1
1427,752,512,2355,2115,1.9367423999999994e-7,1
1428,512,1473,2115,3076,7.799860862136037e-7,1
1429,1473,1153,3076,2756,2.5823232e-7,1
1430,1153,1553,2756,3156,3.227903999999999e-7,1
1431,1553,1393,3156,2996,1.2911615999999992e-7,1
1432,1393,1233,2996,2836,1.291161600000001e-7,1
1433,1233,913,2836,2516,2.5823232e-7,1
1434,913,1073,2516,2676,1.291161600000001e-7,1
1435,1073,833,2676,2436,1.9367424000000001e-7,1
1436,833,673,2436,2276,1.2911616e-7,1
1437,673,753,2276,2356,6.455808000000001e-8,1
1438,753,513,2356,2116,1.9367424e-7,1
1439,513,593,2116,2196,6.455808e-8,1
1440,593,353,2196,1956,1.9367424000000007e-7,1
1441,353,433,1956,2036,6.455808000000009e-8,1
1442,433,273,2036,1876,1.2911616000000008e-7,1
1443,273,113,1876,1716,1.2911616e-7,1
1444,113,193,1716,1796,6.455807999999997e-8,1
1445,193,1633,1796,3236,1.16204544e-6,1
1446,1633,1313,3236,2916,2.5823232000000005e-7,1
1447,1313,993,2916,2596,2.582323199999999e-7,1
1448,993,1554,2596,3157,4.647735695270978e-7,1
1449,1554,1394,3157,2997,1.2911616000000005e-7,1
1450,1394,1234,2997,2837,1.291161600000001e-7,1
1451,1234,1074,2837,2677,1.2911615999999984e-7,1
1452,1074,834,2677,2437,1.9367424000000007e-7,1
1453,834,914,2437,2517,6.455808000000003e-8,1
1454,914,674,2517,2277,1.9367424000000007e-7,1
1455,674,754,2277,2357,6.455808000000007e-8,1
1456,754,514,2357,2117,1.9367424000000001e-7,1
1457,514,594,2117,2197,6.455808e-8,1
1458,594,354,2197,1957,1.9367424000000001e-7,1
1459,354,434,1957,2037,6.455808000000008e-8,1
1460,434,1474,2037,3077,8.392550399999999e-7,1
1461,1474,1634,3077,3237,1.2911615999999992e-7,1
1462,1634,114,3237,1717,1.2266035199999999e-6,1
1463,114,274,1717,1877,1.2911616000000003e-7,1
1464,274,194,1877,1797,6.455808e-8,1
1465,194,1314,1797,2917,9.0381312e-7,1
1466,1314,1154,2917,2757,1.2911615999999987e-7,1
1467,1154,994,2757,2597,1.2911616e-7,1
1468,994,1555,2597,3158,4.6478811763119526e-7,1
1469,1555,1395,3158,2998,1.2911616000000005e-7,1
1470,1395,1235,2998,2838,1.2911615999999992e-7,1
1471,1235,1075,2838,2678,1.2911616000000003e-7,1
1472,1075,915,2678,2518,1.2911616000000003e-7,1
1473,915,1635,2518,3238,5.810227200000001e-7,1
1474,1635,1475,3238,3078,1.2911616000000003e-7,1
1475,1475,1315,3078,2918,1.2911615999999995e-7,1
1476,1315,1155,2918,2758,1.2911616000000005e-7,1
1477,1155,995,2758,2598,1.2911616e-7,1
1478,995,835,2598,2438,1.2911615999999992e-7,1
1479,835,675,2438,2278,1.2911616000000003e-7,1
1480,675,755,2278,2358,6.455808000000001e-8,1
1481,755,515,2358,2118,1.9367424e-7,1
1482,515,595,2118,2198,6.455807999999997e-8,1
1483,595,115,2198,1718,3.8734848000000014e-7,1
1484,115,355,1718,1958,1.9367424000000001e-7,1
1485,355,435,1958,2038,6.455808000000004e-8,1
1486,435,195,2038,1798,1.9367424000000007e-7,1
1487,195,275,1798,1878,6.455808e-8,1
1488,275,1476,1878,3079,9.718511485036263e-7,1
1489,1476,1636,3079,3239,1.2911616e-7,1
1490,1636,1316,3239,2919,2.5823232e-7,1
1491,1316,1156,2919,2759,1.2911615999999995e-7,1
1492,1156,996,2759,2599,1.2911616e-7,1
1493,996,836,2599,2439,1.2911616e-7,1
1494,836,676,2439,2279,1.2911616000000008e-7,1
1495,676,756,2279,2359,6.45580800000001e-8,1
1496,756,516,2359,2119,1.9367424000000001e-7,1
1497,516,596,2119,2199,6.455807999999995e-8,1
1498,596,196,2199,1799,3.2279040000000007e-7,1
1499,196,276,1799,1879,6.455808000000005e-8,1
1500,276,116,1879,1719,1.2911616e-7,1
1501,116,356,1719,1959,1.9367424e-7,1
1502,356,436,1959,2039,6.455808000000007e-8,1
1503,436,1556,2039,3159,9.038131199999998e-7,1
1504,1556,1396,3159,2999,1.2911615999999992e-7,1
1505,1396,1236,2999,2839,1.2911615999999995e-7,1
1506,1236,916,2839,2519,2.5823232e-7,1
1507,916,1076,2519,2679,1.2911616000000008e-7,1
1508,1076,1637,2679,3240,4.66008836209716e-7,1
1509,1637,1477,3240,3080,1.2911615999999987e-7,1
1510,1477,1317,3080,2920,1.2911616000000003e-7,1
1511,1317,1157,2920,2760,1.2911616e-7,1
1512,1157,997,2760,2600,1.2911615999999992e-7,1
1513,997,1557,2600,3160,4.5190656e-7,1
1514,1557,1397,3160,3000,1.2911615999999997e-7,1
1515,1397,1237,3000,2840,1.291161600000001e-7,1
1516,1237,1077,2840,2680,1.2911615999999992e-7,1
1517,1077,917,2680,2520,1.2911616000000003e-7,1
1518,917,197,2520,1800,5.8102272e-7,1
1519,197,277,1800,1880,6.455808e-8,1
1520,277,837,1880,2440,4.519065600000001e-7,1
1521,837,117,2440,1720,5.810227200000001e-7,1
1522,117,677,1720,2280,4.5190656000000004e-7,1
1523,677,757,2280,2360,6.455808000000007e-8,1
1524,757,517,2360,2120,1.9367424e-7,1
1525,517,597,2120,2200,6.455807999999996e-8,1
1526,597,357,2200,1960,1.9367424000000007e-7,1
1527,357,437,1960,2040,6.455808000000007e-8,1
1528,437,1558,2040,3161,9.083124517394616e-7,1
1529,1558,1398,3161,3001,1.2911615999999995e-7,1
1530,1398,1238,3001,2841,1.2911616e-7,1
1531,1238,1078,2841,2681,1.2911616e-7,1
1532,1078,918,2681,2521,1.2911616000000003e-7,1
1533,918,838,2521,2441,6.455808e-8,1
1534,838,678,2441,2281,1.2911615999999992e-7,1
1535,678,758,2281,2361,6.455807999999997e-8,1
1536,758,518,2361,2121,1.9367424000000001e-7,1
1537,518,598,2121,2201,6.455808000000009e-8,1
1538,598,358,2201,1961,1.9367424000000017e-7,1
1539,358,438,1961,2041,6.455808000000012e-8,1
1540,438,118,2041,1721,2.5823232000000005e-7,1
1541,118,198,1721,1801,6.455807999999997e-8,1
1542,198,278,1801,1881,6.455808000000001e-8,1
1543,278,1638,1881,3241,1.09748736e-6,1
1544,1638,1478,3241,3081,1.2911615999999997e-7,1
1545,1478,1318,3081,2921,1.2911615999999995e-7,1
1546,1318,1158,2921,2761,1.2911616000000005e-7,1
1547,1158,998,2761,2601,1.2911615999999995e-7,1
1548,998,1559,2601,3162,4.6484639186559887e-7,1
1549,1559,1399,3162,3002,1.291161599999999e-7,1
1550,1399,1239,3002,2842,1.291161600000001e-7,1
1551,1239,1079,2842,2682,1.2911616e-7,1
1552,1079,919,2682,2522,1.2911616e-7,1
1553,919,1639,2522,3242,5.810227200000001e-7,1
1554,1639,359,3242,1962,1.03292928e-6,1
1555,359,439,1962,2042,6.455808e-8,1
1556,439,279,2042,1882,1.2911616000000003e-7,1
1557,279,1479,1882,3082,9.683711999999998e-7,1
1558,1479,199,3082,1802,1.03292928e-6,1
1559,199,1319,1802,2922,9.038131200000001e-7,1
1560,1319,1159,2922,2762,1.2911616000000003e-7,1
1561,1159,119,2762,1722,8.392550400000002e-7,1
1562,119,999,1722,2602,7.1013888e-7,1
1563,999,839,2602,2442,1.2911615999999992e-7,1
1564,839,679,2442,2282,1.2911616000000005e-7,1
1565,679,759,2282,2362,6.455808000000001e-8,1
1566,759,519,2362,2122,1.9367423999999994e-7,1
1567,519,599,2122,2202,6.455807999999993e-8,1
1568,599,1640,2202,3243,8.449914349336673e-7,1
1569,1640,1480,3243,3083,1.2911616e-7,1
1570,1480,1320,3083,2923,1.2911615999999997e-7,1
1571,1320,1160,2923,2763,1.2911616000000013e-7,1
1572,1160,1000,2763,2603,1.2911615999999995e-7,1
1573,1000,840,2603,2443,1.2911615999999995e-7,1
1574,840,680,2443,2283,1.2911616e-7,1
1575,680,760,2283,2363,6.455807999999991e-8,1
1576,760,520,2363,2123,1.9367423999999988e-7,1
1577,520,600,2123,2203,6.455808000000005e-8,1
1578,600,360,2203,1963,1.9367424000000017e-7,1
1579,360,440,1963,2043,6.455808000000005e-8,1
1580,440,200,2043,1803,1.9367424000000001e-7,1
1581,200,280,1803,1883,6.455807999999993e-8,1
1582,280,120,1883,1723,1.2911615999999995e-7,1
1583,120,1560,1723,3163,1.16204544e-6,1
1584,1560,1400,3163,3003,1.2911616e-7,1
1585,1400,1240,3003,2843,1.2911616000000005e-7,1
1586,1240,1080,2843,2683,1.2911615999999995e-7,1
1587,1080,920,2683,2523,1.2911615999999987e-7,1
1588,920,1641,2523,3244,5.911680531371235e-7,1
1589,1641,1481,3244,3084,1.2911616e-7,1
1590,1481,1321,3084,2924,1.2911616e-7,1
1591,1321,1161,2924,2764,1.2911616e-7,1
1592,1161,1001,2764,2604,1.2911616e-7,1
1593,1001,841,2604,2444,1.2911616000000005e-7,1
1594,841,681,2444,2284,1.2911615999999992e-7,1
1595,681,521,2284,2124,1.2911616e-7,1
1596,521,361,2124,1964,1.2911616000000005e-7,1
1597,361,441,1964,2044,6.455808000000007e-8,1
1598,441,1561,2044,3164,9.0381312e-7,1
1599,1561,201,3164,1804,1.09748736e-6,1
1600,201,281,1804,1884,6.455808e-8,1
1601,281,1401,1884,3004,9.0381312e-7,1
1602,1401,121,3004,1724,1.03292928e-6,1
